
  ⚠ composition_file_too_large: This HTML composition file has 411 lines. Smaller sub-compositions are easier to read, iterate on, and diff.
    Fix: Split coherent scenes or layers into separate .html files under compositions/, then mount them from the parent with data-composition-src so each file stays small enough to inspect, revise, and validate independently.
  ⚠ timeline_track_too_dense: Track 4 has 4 timed elements in this HTML file. Smaller sub-compositions keep timelines easier to read, iterate on, and diff.
    Fix: Move coherent scene groups into separate .html files under compositions/ and mount them from the parent with data-composition-src so the timeline stays easier to inspect, revise, and validate.
  ✗ overlapping_clips_same_track: Track 4: clip ending at 22.4s overlaps with clip starting at 19.98s. Overlapping clips on the same track cause rendering conflicts.
    Fix: Adjust data-start or data-duration so clips on the same track do not overlap, or move one clip to a different data-track-index.
  ✗ overlapping_clips_same_track: Track 4: clip ending at 26.48s overlaps with clip starting at 23.76s. Overlapping clips on the same track cause rendering conflicts.
    Fix: Adjust data-start or data-duration so clips on the same track do not overlap, or move one clip to a different data-track-index.
  ✗ overlapping_clips_same_track: Track 4: clip ending at 35.260000000000005s overlaps with clip starting at 32.939s. Overlapping clips on the same track cause rendering conflicts.
    Fix: Adjust data-start or data-duration so clips on the same track do not overlap, or move one clip to a different data-track-index.
  ⚠ google_fonts_import: Composition loads fonts from fonts.googleapis.com. The producer resolves Google Fonts during compile/render, but raw external font requests add latency and can fail before canonicalization. Prefer mapped family names or local @font-face declarations when possible.
    Fix: For bundled fonts, remove the Google Fonts <link> or @import and keep the font-family declaration. For custom fonts, use @font-face { font-family: '...'; src: url('...woff2'); }.

┌  hyperframes preview
[?25l│
◇  Studio running
[?25h

  Project   q1
  Studio    http://localhost:5188

  Edit with your AI agent — it has HyperFrames skills installed.
  Changes reload automatically in the studio.

  Press Ctrl+C to stop

[StaticGuard] Invalid HyperFrame contract: Track 4: clip ending at 22.4s overlaps with clip starting at 19.98s. Overlapping clips on the same track cause rendering conflicts.; Track 4: clip ending at 26.48s overlaps with clip starting at 23.76s. Overlapping clips on the same track cause rendering conflicts.; Track 4: clip ending at 35.260000000000005s overlaps with clip starting at 32.939s. Overlapping clips on the same track cause rendering conflicts.
[StaticGuard] Invalid HyperFrame contract: Track 4: clip ending at 22.4s overlaps with clip starting at 19.98s. Overlapping clips on the same track cause rendering conflicts.; Track 4: clip ending at 26.48s overlaps with clip starting at 23.76s. Overlapping clips on the same track cause rendering conflicts.; Track 4: clip ending at 35.260000000000005s overlaps with clip starting at 32.939s. Overlapping clips on the same track cause rendering conflicts.
[INFO] [Compiler] Fetched 9 font face(s) for "Google Sans Flex" from Google Fonts (cached to C:\Users\iknow\.cache\hyperframes\fonts\google-sans-flex)
[INFO] [Compiler] Fetched 11 font face(s) for "Inter" from Google Fonts (cached to C:\Users\iknow\.cache\hyperframes\fonts\inter)
[INFO] [Compiler] Fetched 9 font face(s) for "Google Sans Flex" from Google Fonts (cached to C:\Users\iknow\.cache\hyperframes\fonts\google-sans-flex)
[INFO] [Compiler] Fetched 5 font face(s) for "Helvetica Neue" from Google Fonts (cached to C:\Users\iknow\.cache\hyperframes\fonts\helvetica-neue)
[INFO] [Compiler] Injected deterministic @font-face rules for 3 requested font families
[INFO] [Compiler] Fetched 11 font face(s) for "Inter" from Google Fonts (cached to C:\Users\iknow\.cache\hyperframes\fonts\inter)
[hyperframes] browserGpuMode probe → hardware (WebGL renderer vendor="Google Inc. (Intel)" renderer="ANGLE (Intel, Intel(R) UHD Graphics (0x0000468B) Direct3D11 vs_5_0 ps_5_0, D3D11)")
[INFO] [Compiler] Fetched 5 font face(s) for "Helvetica Neue" from Google Fonts (cached to C:\Users\iknow\.cache\hyperframes\fonts\helvetica-neue)
[INFO] [Compiler] Injected deterministic @font-face rules for 3 requested font families
[BrowserManager] Browser launched (HeadlessChrome/152.0.7928.2, screenshot, gl=--use-gl=angle --use-angle=d3d11, headlessShell=true, platform=win32)
[StaticGuard] Invalid HyperFrame contract: Track 4: clip ending at 22.4s overlaps with clip starting at 19.98s. Overlapping clips on the same track cause rendering conflicts.; Track 4: clip ending at 26.48s overlaps with clip starting at 23.76s. Overlapping clips on the same track cause rendering conflicts.; Track 4: clip ending at 35.260000000000005s overlaps with clip starting at 32.939s. Overlapping clips on the same track cause rendering conflicts.
[INFO] [Compiler] Fetched 9 font face(s) for "Google Sans Flex" from Google Fonts (cached to C:\Users\iknow\.cache\hyperframes\fonts\google-sans-flex)
[INFO] [Compiler] Fetched 11 font face(s) for "Inter" from Google Fonts (cached to C:\Users\iknow\.cache\hyperframes\fonts\inter)
[StaticGuard] Invalid HyperFrame contract: Track 4: clip ending at 22.4s overlaps with clip starting at 19.98s. Overlapping clips on the same track cause rendering conflicts.; Track 4: clip ending at 26.48s overlaps with clip starting at 23.76s. Overlapping clips on the same track cause rendering conflicts.; Track 4: clip ending at 35.260000000000005s overlaps with clip starting at 32.939s. Overlapping clips on the same track cause rendering conflicts.
[StaticGuard] Invalid HyperFrame contract: Track 4: clip ending at 22.4s overlaps with clip starting at 19.98s. Overlapping clips on the same track cause rendering conflicts.; Track 4: clip ending at 26.48s overlaps with clip starting at 23.76s. Overlapping clips on the same track cause rendering conflicts.; Track 4: clip ending at 35.260000000000005s overlaps with clip starting at 32.939s. Overlapping clips on the same track cause rendering conflicts.
[INFO] [Compiler] Fetched 5 font face(s) for "Helvetica Neue" from Google Fonts (cached to C:\Users\iknow\.cache\hyperframes\fonts\helvetica-neue)
[INFO] [Compiler] Injected deterministic @font-face rules for 3 requested font families
[INFO] [Compiler] Fetched 9 font face(s) for "Google Sans Flex" from Google Fonts (cached to C:\Users\iknow\.cache\hyperframes\fonts\google-sans-flex)
[INFO] [Compiler] Fetched 11 font face(s) for "Inter" from Google Fonts (cached to C:\Users\iknow\.cache\hyperframes\fonts\inter)
[StaticGuard] Invalid HyperFrame contract: Track 4: clip ending at 22.4s overlaps with clip starting at 19.98s. Overlapping clips on the same track cause rendering conflicts.; Track 4: clip ending at 26.48s overlaps with clip starting at 23.76s. Overlapping clips on the same track cause rendering conflicts.; Track 4: clip ending at 35.260000000000005s overlaps with clip starting at 32.939s. Overlapping clips on the same track cause rendering conflicts.
[INFO] [Compiler] Fetched 9 font face(s) for "Google Sans Flex" from Google Fonts (cached to C:\Users\iknow\.cache\hyperframes\fonts\google-sans-flex)
[INFO] [Compiler] Fetched 5 font face(s) for "Helvetica Neue" from Google Fonts (cached to C:\Users\iknow\.cache\hyperframes\fonts\helvetica-neue)
[INFO] [Compiler] Injected deterministic @font-face rules for 3 requested font families
[INFO] [Compiler] Fetched 9 font face(s) for "Google Sans Flex" from Google Fonts (cached to C:\Users\iknow\.cache\hyperframes\fonts\google-sans-flex)
[INFO] [Compiler] Fetched 11 font face(s) for "Inter" from Google Fonts (cached to C:\Users\iknow\.cache\hyperframes\fonts\inter)
[INFO] [Compiler] Fetched 11 font face(s) for "Inter" from Google Fonts (cached to C:\Users\iknow\.cache\hyperframes\fonts\inter)
[StaticGuard] Invalid HyperFrame contract: Track 4: clip ending at 22.4s overlaps with clip starting at 19.98s. Overlapping clips on the same track cause rendering conflicts.; Track 4: clip ending at 26.48s overlaps with clip starting at 23.76s. Overlapping clips on the same track cause rendering conflicts.; Track 4: clip ending at 35.260000000000005s overlaps with clip starting at 32.939s. Overlapping clips on the same track cause rendering conflicts.
[INFO] [Compiler] Fetched 5 font face(s) for "Helvetica Neue" from Google Fonts (cached to C:\Users\iknow\.cache\hyperframes\fonts\helvetica-neue)
[INFO] [Compiler] Injected deterministic @font-face rules for 3 requested font families
[INFO] [Compiler] Fetched 5 font face(s) for "Helvetica Neue" from Google Fonts (cached to C:\Users\iknow\.cache\hyperframes\fonts\helvetica-neue)
[INFO] [Compiler] Injected deterministic @font-face rules for 3 requested font families
[INFO] [Compiler] Fetched 9 font face(s) for "Google Sans Flex" from Google Fonts (cached to C:\Users\iknow\.cache\hyperframes\fonts\google-sans-flex)
[StaticGuard] Invalid HyperFrame contract: Track 4: clip ending at 22.4s overlaps with clip starting at 19.98s. Overlapping clips on the same track cause rendering conflicts.; Track 4: clip ending at 26.48s overlaps with clip starting at 23.76s. Overlapping clips on the same track cause rendering conflicts.; Track 4: clip ending at 35.260000000000005s overlaps with clip starting at 32.939s. Overlapping clips on the same track cause rendering conflicts.
[INFO] [Compiler] Fetched 11 font face(s) for "Inter" from Google Fonts (cached to C:\Users\iknow\.cache\hyperframes\fonts\inter)
[INFO] [Compiler] Fetched 9 font face(s) for "Google Sans Flex" from Google Fonts (cached to C:\Users\iknow\.cache\hyperframes\fonts\google-sans-flex)
[INFO] [Compiler] Fetched 5 font face(s) for "Helvetica Neue" from Google Fonts (cached to C:\Users\iknow\.cache\hyperframes\fonts\helvetica-neue)
[INFO] [Compiler] Injected deterministic @font-face rules for 3 requested font families
[INFO] [Compiler] Fetched 11 font face(s) for "Inter" from Google Fonts (cached to C:\Users\iknow\.cache\hyperframes\fonts\inter)
[StaticGuard] Invalid HyperFrame contract: Track 4: clip ending at 22.4s overlaps with clip starting at 19.98s. Overlapping clips on the same track cause rendering conflicts.; Track 4: clip ending at 26.48s overlaps with clip starting at 23.76s. Overlapping clips on the same track cause rendering conflicts.; Track 4: clip ending at 35.260000000000005s overlaps with clip starting at 32.939s. Overlapping clips on the same track cause rendering conflicts.
[INFO] [Compiler] Fetched 5 font face(s) for "Helvetica Neue" from Google Fonts (cached to C:\Users\iknow\.cache\hyperframes\fonts\helvetica-neue)
[INFO] [Compiler] Injected deterministic @font-face rules for 3 requested font families
[INFO] [Compiler] Fetched 9 font face(s) for "Google Sans Flex" from Google Fonts (cached to C:\Users\iknow\.cache\hyperframes\fonts\google-sans-flex)
[INFO] [Compiler] Fetched 11 font face(s) for "Inter" from Google Fonts (cached to C:\Users\iknow\.cache\hyperframes\fonts\inter)
[StaticGuard] Invalid HyperFrame contract: Track 4: clip ending at 22.4s overlaps with clip starting at 19.98s. Overlapping clips on the same track cause rendering conflicts.; Track 4: clip ending at 26.48s overlaps with clip starting at 23.76s. Overlapping clips on the same track cause rendering conflicts.; Track 4: clip ending at 35.260000000000005s overlaps with clip starting at 32.939s. Overlapping clips on the same track cause rendering conflicts.
[INFO] [Compiler] Fetched 5 font face(s) for "Helvetica Neue" from Google Fonts (cached to C:\Users\iknow\.cache\hyperframes\fonts\helvetica-neue)
[INFO] [Compiler] Injected deterministic @font-face rules for 3 requested font families
[INFO] [Compiler] Fetched 9 font face(s) for "Google Sans Flex" from Google Fonts (cached to C:\Users\iknow\.cache\hyperframes\fonts\google-sans-flex)
[INFO] [Compiler] Fetched 11 font face(s) for "Inter" from Google Fonts (cached to C:\Users\iknow\.cache\hyperframes\fonts\inter)
[StaticGuard] Invalid HyperFrame contract: Track 4: clip ending at 22.4s overlaps with clip starting at 19.98s. Overlapping clips on the same track cause rendering conflicts.; Track 4: clip ending at 26.48s overlaps with clip starting at 23.76s. Overlapping clips on the same track cause rendering conflicts.; Track 4: clip ending at 35.260000000000005s overlaps with clip starting at 32.939s. Overlapping clips on the same track cause rendering conflicts.
[INFO] [Compiler] Fetched 5 font face(s) for "Helvetica Neue" from Google Fonts (cached to C:\Users\iknow\.cache\hyperframes\fonts\helvetica-neue)
[INFO] [Compiler] Injected deterministic @font-face rules for 3 requested font families
[INFO] [Compiler] Fetched 9 font face(s) for "Google Sans Flex" from Google Fonts (cached to C:\Users\iknow\.cache\hyperframes\fonts\google-sans-flex)
[INFO] [Compiler] Fetched 11 font face(s) for "Inter" from Google Fonts (cached to C:\Users\iknow\.cache\hyperframes\fonts\inter)
[StaticGuard] Invalid HyperFrame contract: Track 4: clip ending at 22.4s overlaps with clip starting at 19.98s. Overlapping clips on the same track cause rendering conflicts.; Track 4: clip ending at 26.48s overlaps with clip starting at 23.76s. Overlapping clips on the same track cause rendering conflicts.; Track 4: clip ending at 35.260000000000005s overlaps with clip starting at 32.939s. Overlapping clips on the same track cause rendering conflicts.
[INFO] [Compiler] Fetched 5 font face(s) for "Helvetica Neue" from Google Fonts (cached to C:\Users\iknow\.cache\hyperframes\fonts\helvetica-neue)
[INFO] [Compiler] Injected deterministic @font-face rules for 3 requested font families
[INFO] [Compiler] Fetched 9 font face(s) for "Google Sans Flex" from Google Fonts (cached to C:\Users\iknow\.cache\hyperframes\fonts\google-sans-flex)
[INFO] [Compiler] Fetched 11 font face(s) for "Inter" from Google Fonts (cached to C:\Users\iknow\.cache\hyperframes\fonts\inter)
[StaticGuard] Invalid HyperFrame contract: Track 4: clip ending at 22.4s overlaps with clip starting at 19.98s. Overlapping clips on the same track cause rendering conflicts.; Track 4: clip ending at 26.48s overlaps with clip starting at 23.76s. Overlapping clips on the same track cause rendering conflicts.; Track 4: clip ending at 35.260000000000005s overlaps with clip starting at 32.939s. Overlapping clips on the same track cause rendering conflicts.
[INFO] [Compiler] Fetched 5 font face(s) for "Helvetica Neue" from Google Fonts (cached to C:\Users\iknow\.cache\hyperframes\fonts\helvetica-neue)
[INFO] [Compiler] Injected deterministic @font-face rules for 3 requested font families
[INFO] [Compiler] Fetched 9 font face(s) for "Google Sans Flex" from Google Fonts (cached to C:\Users\iknow\.cache\hyperframes\fonts\google-sans-flex)
[INFO] [Compiler] Fetched 11 font face(s) for "Inter" from Google Fonts (cached to C:\Users\iknow\.cache\hyperframes\fonts\inter)
[StaticGuard] Invalid HyperFrame contract: Track 4: clip ending at 22.4s overlaps with clip starting at 19.98s. Overlapping clips on the same track cause rendering conflicts.; Track 4: clip ending at 26.48s overlaps with clip starting at 23.76s. Overlapping clips on the same track cause rendering conflicts.; Track 4: clip ending at 35.260000000000005s overlaps with clip starting at 32.939s. Overlapping clips on the same track cause rendering conflicts.
[INFO] [Compiler] Fetched 5 font face(s) for "Helvetica Neue" from Google Fonts (cached to C:\Users\iknow\.cache\hyperframes\fonts\helvetica-neue)
[INFO] [Compiler] Injected deterministic @font-face rules for 3 requested font families
[INFO] [Compiler] Fetched 9 font face(s) for "Google Sans Flex" from Google Fonts (cached to C:\Users\iknow\.cache\hyperframes\fonts\google-sans-flex)
[StaticGuard] Invalid HyperFrame contract: Track 4: clip ending at 22.4s overlaps with clip starting at 19.98s. Overlapping clips on the same track cause rendering conflicts.; Track 4: clip ending at 26.48s overlaps with clip starting at 23.76s. Overlapping clips on the same track cause rendering conflicts.; Track 4: clip ending at 35.260000000000005s overlaps with clip starting at 32.939s. Overlapping clips on the same track cause rendering conflicts.
[INFO] [Compiler] Fetched 11 font face(s) for "Inter" from Google Fonts (cached to C:\Users\iknow\.cache\hyperframes\fonts\inter)
[INFO] [Compiler] Fetched 9 font face(s) for "Google Sans Flex" from Google Fonts (cached to C:\Users\iknow\.cache\hyperframes\fonts\google-sans-flex)
[INFO] [Compiler] Fetched 5 font face(s) for "Helvetica Neue" from Google Fonts (cached to C:\Users\iknow\.cache\hyperframes\fonts\helvetica-neue)
[INFO] [Compiler] Injected deterministic @font-face rules for 3 requested font families
[INFO] [Compiler] Fetched 11 font face(s) for "Inter" from Google Fonts (cached to C:\Users\iknow\.cache\hyperframes\fonts\inter)
[StaticGuard] Invalid HyperFrame contract: Track 4: clip ending at 22.4s overlaps with clip starting at 19.98s. Overlapping clips on the same track cause rendering conflicts.; Track 4: clip ending at 26.48s overlaps with clip starting at 23.76s. Overlapping clips on the same track cause rendering conflicts.; Track 4: clip ending at 35.260000000000005s overlaps with clip starting at 32.939s. Overlapping clips on the same track cause rendering conflicts.
[INFO] [Compiler] Fetched 5 font face(s) for "Helvetica Neue" from Google Fonts (cached to C:\Users\iknow\.cache\hyperframes\fonts\helvetica-neue)
[INFO] [Compiler] Injected deterministic @font-face rules for 3 requested font families
[INFO] [Compiler] Fetched 9 font face(s) for "Google Sans Flex" from Google Fonts (cached to C:\Users\iknow\.cache\hyperframes\fonts\google-sans-flex)
[INFO] [Compiler] Fetched 11 font face(s) for "Inter" from Google Fonts (cached to C:\Users\iknow\.cache\hyperframes\fonts\inter)
[StaticGuard] Invalid HyperFrame contract: Track 4: clip ending at 22.4s overlaps with clip starting at 19.98s. Overlapping clips on the same track cause rendering conflicts.; Track 4: clip ending at 26.48s overlaps with clip starting at 23.76s. Overlapping clips on the same track cause rendering conflicts.; Track 4: clip ending at 35.260000000000005s overlaps with clip starting at 32.939s. Overlapping clips on the same track cause rendering conflicts.
[INFO] [Compiler] Fetched 5 font face(s) for "Helvetica Neue" from Google Fonts (cached to C:\Users\iknow\.cache\hyperframes\fonts\helvetica-neue)
[INFO] [Compiler] Injected deterministic @font-face rules for 3 requested font families
[INFO] [Compiler] Fetched 9 font face(s) for "Google Sans Flex" from Google Fonts (cached to C:\Users\iknow\.cache\hyperframes\fonts\google-sans-flex)
[INFO] [Compiler] Fetched 11 font face(s) for "Inter" from Google Fonts (cached to C:\Users\iknow\.cache\hyperframes\fonts\inter)
[StaticGuard] Invalid HyperFrame contract: Track 4: clip ending at 22.4s overlaps with clip starting at 19.98s. Overlapping clips on the same track cause rendering conflicts.; Track 4: clip ending at 26.48s overlaps with clip starting at 23.76s. Overlapping clips on the same track cause rendering conflicts.; Track 4: clip ending at 35.260000000000005s overlaps with clip starting at 32.939s. Overlapping clips on the same track cause rendering conflicts.
[INFO] [Compiler] Fetched 5 font face(s) for "Helvetica Neue" from Google Fonts (cached to C:\Users\iknow\.cache\hyperframes\fonts\helvetica-neue)
[INFO] [Compiler] Injected deterministic @font-face rules for 3 requested font families
[INFO] [Compiler] Fetched 9 font face(s) for "Google Sans Flex" from Google Fonts (cached to C:\Users\iknow\.cache\hyperframes\fonts\google-sans-flex)
[StaticGuard] Invalid HyperFrame contract: Track 4: clip ending at 22.4s overlaps with clip starting at 19.98s. Overlapping clips on the same track cause rendering conflicts.; Track 4: clip ending at 26.48s overlaps with clip starting at 23.76s. Overlapping clips on the same track cause rendering conflicts.; Track 4: clip ending at 35.260000000000005s overlaps with clip starting at 32.939s. Overlapping clips on the same track cause rendering conflicts.
[INFO] [Compiler] Fetched 11 font face(s) for "Inter" from Google Fonts (cached to C:\Users\iknow\.cache\hyperframes\fonts\inter)
[INFO] [Compiler] Fetched 9 font face(s) for "Google Sans Flex" from Google Fonts (cached to C:\Users\iknow\.cache\hyperframes\fonts\google-sans-flex)
[INFO] [Compiler] Fetched 5 font face(s) for "Helvetica Neue" from Google Fonts (cached to C:\Users\iknow\.cache\hyperframes\fonts\helvetica-neue)
[INFO] [Compiler] Injected deterministic @font-face rules for 3 requested font families
[INFO] [Compiler] Fetched 11 font face(s) for "Inter" from Google Fonts (cached to C:\Users\iknow\.cache\hyperframes\fonts\inter)
[StaticGuard] Invalid HyperFrame contract: Track 4: clip ending at 22.4s overlaps with clip starting at 19.98s. Overlapping clips on the same track cause rendering conflicts.; Track 4: clip ending at 26.48s overlaps with clip starting at 23.76s. Overlapping clips on the same track cause rendering conflicts.; Track 4: clip ending at 35.260000000000005s overlaps with clip starting at 32.939s. Overlapping clips on the same track cause rendering conflicts.
[INFO] [Compiler] Fetched 5 font face(s) for "Helvetica Neue" from Google Fonts (cached to C:\Users\iknow\.cache\hyperframes\fonts\helvetica-neue)
[INFO] [Compiler] Injected deterministic @font-face rules for 3 requested font families
[INFO] [Compiler] Fetched 9 font face(s) for "Google Sans Flex" from Google Fonts (cached to C:\Users\iknow\.cache\hyperframes\fonts\google-sans-flex)
[INFO] [Compiler] Fetched 11 font face(s) for "Inter" from Google Fonts (cached to C:\Users\iknow\.cache\hyperframes\fonts\inter)
[StaticGuard] Invalid HyperFrame contract: Track 4: clip ending at 22.4s overlaps with clip starting at 19.98s. Overlapping clips on the same track cause rendering conflicts.; Track 4: clip ending at 26.48s overlaps with clip starting at 23.76s. Overlapping clips on the same track cause rendering conflicts.; Track 4: clip ending at 35.260000000000005s overlaps with clip starting at 32.939s. Overlapping clips on the same track cause rendering conflicts.
[INFO] [Compiler] Fetched 5 font face(s) for "Helvetica Neue" from Google Fonts (cached to C:\Users\iknow\.cache\hyperframes\fonts\helvetica-neue)
[INFO] [Compiler] Injected deterministic @font-face rules for 3 requested font families
[INFO] [Compiler] Fetched 9 font face(s) for "Google Sans Flex" from Google Fonts (cached to C:\Users\iknow\.cache\hyperframes\fonts\google-sans-flex)
[INFO] [Compiler] Fetched 11 font face(s) for "Inter" from Google Fonts (cached to C:\Users\iknow\.cache\hyperframes\fonts\inter)
[StaticGuard] Invalid HyperFrame contract: Track 4: clip ending at 22.4s overlaps with clip starting at 19.98s. Overlapping clips on the same track cause rendering conflicts.; Track 4: clip ending at 26.48s overlaps with clip starting at 23.76s. Overlapping clips on the same track cause rendering conflicts.; Track 4: clip ending at 35.260000000000005s overlaps with clip starting at 32.939s. Overlapping clips on the same track cause rendering conflicts.
[INFO] [Compiler] Fetched 5 font face(s) for "Helvetica Neue" from Google Fonts (cached to C:\Users\iknow\.cache\hyperframes\fonts\helvetica-neue)
[INFO] [Compiler] Injected deterministic @font-face rules for 3 requested font families
[INFO] [Compiler] Fetched 9 font face(s) for "Google Sans Flex" from Google Fonts (cached to C:\Users\iknow\.cache\hyperframes\fonts\google-sans-flex)
[INFO] [Compiler] Fetched 11 font face(s) for "Inter" from Google Fonts (cached to C:\Users\iknow\.cache\hyperframes\fonts\inter)
[StaticGuard] Invalid HyperFrame contract: Track 4: clip ending at 22.4s overlaps with clip starting at 19.98s. Overlapping clips on the same track cause rendering conflicts.; Track 4: clip ending at 26.48s overlaps with clip starting at 23.76s. Overlapping clips on the same track cause rendering conflicts.; Track 4: clip ending at 35.260000000000005s overlaps with clip starting at 32.939s. Overlapping clips on the same track cause rendering conflicts.
[INFO] [Compiler] Fetched 5 font face(s) for "Helvetica Neue" from Google Fonts (cached to C:\Users\iknow\.cache\hyperframes\fonts\helvetica-neue)
[INFO] [Compiler] Injected deterministic @font-face rules for 3 requested font families
[INFO] [Compiler] Fetched 9 font face(s) for "Google Sans Flex" from Google Fonts (cached to C:\Users\iknow\.cache\hyperframes\fonts\google-sans-flex)
[INFO] [Compiler] Fetched 11 font face(s) for "Inter" from Google Fonts (cached to C:\Users\iknow\.cache\hyperframes\fonts\inter)
[StaticGuard] Invalid HyperFrame contract: Track 4: clip ending at 22.4s overlaps with clip starting at 19.98s. Overlapping clips on the same track cause rendering conflicts.; Track 4: clip ending at 26.48s overlaps with clip starting at 23.76s. Overlapping clips on the same track cause rendering conflicts.; Track 4: clip ending at 35.260000000000005s overlaps with clip starting at 32.939s. Overlapping clips on the same track cause rendering conflicts.
[INFO] [Compiler] Fetched 5 font face(s) for "Helvetica Neue" from Google Fonts (cached to C:\Users\iknow\.cache\hyperframes\fonts\helvetica-neue)
[INFO] [Compiler] Injected deterministic @font-face rules for 3 requested font families
[INFO] [Compiler] Fetched 9 font face(s) for "Google Sans Flex" from Google Fonts (cached to C:\Users\iknow\.cache\hyperframes\fonts\google-sans-flex)
[INFO] [Compiler] Fetched 11 font face(s) for "Inter" from Google Fonts (cached to C:\Users\iknow\.cache\hyperframes\fonts\inter)
[StaticGuard] Invalid HyperFrame contract: Track 4: clip ending at 22.4s overlaps with clip starting at 19.98s. Overlapping clips on the same track cause rendering conflicts.; Track 4: clip ending at 26.48s overlaps with clip starting at 23.76s. Overlapping clips on the same track cause rendering conflicts.; Track 4: clip ending at 35.260000000000005s overlaps with clip starting at 32.939s. Overlapping clips on the same track cause rendering conflicts.
[INFO] [Compiler] Fetched 5 font face(s) for "Helvetica Neue" from Google Fonts (cached to C:\Users\iknow\.cache\hyperframes\fonts\helvetica-neue)
[INFO] [Compiler] Injected deterministic @font-face rules for 3 requested font families
[INFO] [Compiler] Fetched 9 font face(s) for "Google Sans Flex" from Google Fonts (cached to C:\Users\iknow\.cache\hyperframes\fonts\google-sans-flex)
[INFO] [Compiler] Fetched 11 font face(s) for "Inter" from Google Fonts (cached to C:\Users\iknow\.cache\hyperframes\fonts\inter)
[StaticGuard] Invalid HyperFrame contract: Track 4: clip ending at 22.4s overlaps with clip starting at 19.98s. Overlapping clips on the same track cause rendering conflicts.; Track 4: clip ending at 26.48s overlaps with clip starting at 23.76s. Overlapping clips on the same track cause rendering conflicts.; Track 4: clip ending at 35.260000000000005s overlaps with clip starting at 32.939s. Overlapping clips on the same track cause rendering conflicts.
[INFO] [Compiler] Fetched 5 font face(s) for "Helvetica Neue" from Google Fonts (cached to C:\Users\iknow\.cache\hyperframes\fonts\helvetica-neue)
[INFO] [Compiler] Injected deterministic @font-face rules for 3 requested font families
[INFO] [Compiler] Fetched 9 font face(s) for "Google Sans Flex" from Google Fonts (cached to C:\Users\iknow\.cache\hyperframes\fonts\google-sans-flex)
[StaticGuard] Invalid HyperFrame contract: Track 4: clip ending at 22.4s overlaps with clip starting at 19.98s. Overlapping clips on the same track cause rendering conflicts.; Track 4: clip ending at 26.48s overlaps with clip starting at 23.76s. Overlapping clips on the same track cause rendering conflicts.; Track 4: clip ending at 35.260000000000005s overlaps with clip starting at 32.939s. Overlapping clips on the same track cause rendering conflicts.
[INFO] [Compiler] Fetched 11 font face(s) for "Inter" from Google Fonts (cached to C:\Users\iknow\.cache\hyperframes\fonts\inter)
[INFO] [Compiler] Fetched 9 font face(s) for "Google Sans Flex" from Google Fonts (cached to C:\Users\iknow\.cache\hyperframes\fonts\google-sans-flex)
[INFO] [Compiler] Fetched 5 font face(s) for "Helvetica Neue" from Google Fonts (cached to C:\Users\iknow\.cache\hyperframes\fonts\helvetica-neue)
[INFO] [Compiler] Injected deterministic @font-face rules for 3 requested font families
[INFO] [Compiler] Fetched 11 font face(s) for "Inter" from Google Fonts (cached to C:\Users\iknow\.cache\hyperframes\fonts\inter)
[StaticGuard] Invalid HyperFrame contract: Track 4: clip ending at 22.4s overlaps with clip starting at 19.98s. Overlapping clips on the same track cause rendering conflicts.; Track 4: clip ending at 26.48s overlaps with clip starting at 23.76s. Overlapping clips on the same track cause rendering conflicts.; Track 4: clip ending at 35.260000000000005s overlaps with clip starting at 32.939s. Overlapping clips on the same track cause rendering conflicts.
[INFO] [Compiler] Fetched 5 font face(s) for "Helvetica Neue" from Google Fonts (cached to C:\Users\iknow\.cache\hyperframes\fonts\helvetica-neue)
[INFO] [Compiler] Injected deterministic @font-face rules for 3 requested font families
[INFO] [Compiler] Fetched 9 font face(s) for "Google Sans Flex" from Google Fonts (cached to C:\Users\iknow\.cache\hyperframes\fonts\google-sans-flex)
[INFO] [Compiler] Fetched 11 font face(s) for "Inter" from Google Fonts (cached to C:\Users\iknow\.cache\hyperframes\fonts\inter)
[INFO] [Compiler] Fetched 5 font face(s) for "Helvetica Neue" from Google Fonts (cached to C:\Users\iknow\.cache\hyperframes\fonts\helvetica-neue)
[INFO] [Compiler] Injected deterministic @font-face rules for 3 requested font families
[StaticGuard] Invalid HyperFrame contract: Track 4: clip ending at 22.4s overlaps with clip starting at 19.98s. Overlapping clips on the same track cause rendering conflicts.; Track 4: clip ending at 26.48s overlaps with clip starting at 23.76s. Overlapping clips on the same track cause rendering conflicts.; Track 4: clip ending at 35.260000000000005s overlaps with clip starting at 32.939s. Overlapping clips on the same track cause rendering conflicts.
[INFO] [Compiler] Fetched 9 font face(s) for "Google Sans Flex" from Google Fonts (cached to C:\Users\iknow\.cache\hyperframes\fonts\google-sans-flex)
[INFO] [Compiler] Fetched 11 font face(s) for "Inter" from Google Fonts (cached to C:\Users\iknow\.cache\hyperframes\fonts\inter)
[StaticGuard] Invalid HyperFrame contract: Track 4: clip ending at 22.4s overlaps with clip starting at 19.98s. Overlapping clips on the same track cause rendering conflicts.; Track 4: clip ending at 26.48s overlaps with clip starting at 23.76s. Overlapping clips on the same track cause rendering conflicts.; Track 4: clip ending at 35.260000000000005s overlaps with clip starting at 32.939s. Overlapping clips on the same track cause rendering conflicts.
[INFO] [Compiler] Fetched 5 font face(s) for "Helvetica Neue" from Google Fonts (cached to C:\Users\iknow\.cache\hyperframes\fonts\helvetica-neue)
[INFO] [Compiler] Injected deterministic @font-face rules for 3 requested font families
[INFO] [Compiler] Fetched 9 font face(s) for "Google Sans Flex" from Google Fonts (cached to C:\Users\iknow\.cache\hyperframes\fonts\google-sans-flex)
[INFO] [Compiler] Fetched 11 font face(s) for "Inter" from Google Fonts (cached to C:\Users\iknow\.cache\hyperframes\fonts\inter)
[StaticGuard] Invalid HyperFrame contract: Track 4: clip ending at 22.4s overlaps with clip starting at 19.98s. Overlapping clips on the same track cause rendering conflicts.; Track 4: clip ending at 26.48s overlaps with clip starting at 23.76s. Overlapping clips on the same track cause rendering conflicts.; Track 4: clip ending at 35.260000000000005s overlaps with clip starting at 32.939s. Overlapping clips on the same track cause rendering conflicts.
[INFO] [Compiler] Fetched 5 font face(s) for "Helvetica Neue" from Google Fonts (cached to C:\Users\iknow\.cache\hyperframes\fonts\helvetica-neue)
[INFO] [Compiler] Injected deterministic @font-face rules for 3 requested font families
[INFO] [Compiler] Fetched 9 font face(s) for "Google Sans Flex" from Google Fonts (cached to C:\Users\iknow\.cache\hyperframes\fonts\google-sans-flex)
[INFO] [Compiler] Fetched 11 font face(s) for "Inter" from Google Fonts (cached to C:\Users\iknow\.cache\hyperframes\fonts\inter)
[StaticGuard] Invalid HyperFrame contract: Track 4: clip ending at 22.4s overlaps with clip starting at 19.98s. Overlapping clips on the same track cause rendering conflicts.; Track 4: clip ending at 26.48s overlaps with clip starting at 23.76s. Overlapping clips on the same track cause rendering conflicts.; Track 4: clip ending at 35.260000000000005s overlaps with clip starting at 32.939s. Overlapping clips on the same track cause rendering conflicts.
[INFO] [Compiler] Fetched 5 font face(s) for "Helvetica Neue" from Google Fonts (cached to C:\Users\iknow\.cache\hyperframes\fonts\helvetica-neue)
[INFO] [Compiler] Injected deterministic @font-face rules for 3 requested font families
[INFO] [Compiler] Fetched 9 font face(s) for "Google Sans Flex" from Google Fonts (cached to C:\Users\iknow\.cache\hyperframes\fonts\google-sans-flex)
[INFO] [Compiler] Fetched 11 font face(s) for "Inter" from Google Fonts (cached to C:\Users\iknow\.cache\hyperframes\fonts\inter)
[StaticGuard] Invalid HyperFrame contract: Track 4: clip ending at 22.4s overlaps with clip starting at 19.98s. Overlapping clips on the same track cause rendering conflicts.; Track 4: clip ending at 26.48s overlaps with clip starting at 23.76s. Overlapping clips on the same track cause rendering conflicts.; Track 4: clip ending at 35.260000000000005s overlaps with clip starting at 32.939s. Overlapping clips on the same track cause rendering conflicts.
[INFO] [Compiler] Fetched 5 font face(s) for "Helvetica Neue" from Google Fonts (cached to C:\Users\iknow\.cache\hyperframes\fonts\helvetica-neue)
[INFO] [Compiler] Injected deterministic @font-face rules for 3 requested font families
[INFO] [Compiler] Fetched 9 font face(s) for "Google Sans Flex" from Google Fonts (cached to C:\Users\iknow\.cache\hyperframes\fonts\google-sans-flex)
[INFO] [Compiler] Fetched 11 font face(s) for "Inter" from Google Fonts (cached to C:\Users\iknow\.cache\hyperframes\fonts\inter)
[StaticGuard] Invalid HyperFrame contract: Track 4: clip ending at 22.4s overlaps with clip starting at 19.98s. Overlapping clips on the same track cause rendering conflicts.; Track 4: clip ending at 26.48s overlaps with clip starting at 23.76s. Overlapping clips on the same track cause rendering conflicts.; Track 4: clip ending at 35.260000000000005s overlaps with clip starting at 32.939s. Overlapping clips on the same track cause rendering conflicts.
[INFO] [Compiler] Fetched 9 font face(s) for "Google Sans Flex" from Google Fonts (cached to C:\Users\iknow\.cache\hyperframes\fonts\google-sans-flex)
[INFO] [Compiler] Fetched 5 font face(s) for "Helvetica Neue" from Google Fonts (cached to C:\Users\iknow\.cache\hyperframes\fonts\helvetica-neue)
[INFO] [Compiler] Injected deterministic @font-face rules for 3 requested font families
[StaticGuard] Invalid HyperFrame contract: Track 4: clip ending at 22.4s overlaps with clip starting at 19.98s. Overlapping clips on the same track cause rendering conflicts.; Track 4: clip ending at 26.48s overlaps with clip starting at 23.76s. Overlapping clips on the same track cause rendering conflicts.; Track 4: clip ending at 35.260000000000005s overlaps with clip starting at 32.939s. Overlapping clips on the same track cause rendering conflicts.
[INFO] [Compiler] Fetched 11 font face(s) for "Inter" from Google Fonts (cached to C:\Users\iknow\.cache\hyperframes\fonts\inter)
[INFO] [Compiler] Fetched 9 font face(s) for "Google Sans Flex" from Google Fonts (cached to C:\Users\iknow\.cache\hyperframes\fonts\google-sans-flex)
[INFO] [Compiler] Fetched 5 font face(s) for "Helvetica Neue" from Google Fonts (cached to C:\Users\iknow\.cache\hyperframes\fonts\helvetica-neue)
[INFO] [Compiler] Injected deterministic @font-face rules for 3 requested font families
[INFO] [Compiler] Fetched 11 font face(s) for "Inter" from Google Fonts (cached to C:\Users\iknow\.cache\hyperframes\fonts\inter)
[StaticGuard] Invalid HyperFrame contract: Track 4: clip ending at 22.4s overlaps with clip starting at 19.98s. Overlapping clips on the same track cause rendering conflicts.; Track 4: clip ending at 26.48s overlaps with clip starting at 23.76s. Overlapping clips on the same track cause rendering conflicts.; Track 4: clip ending at 35.260000000000005s overlaps with clip starting at 32.939s. Overlapping clips on the same track cause rendering conflicts.
[INFO] [Compiler] Fetched 5 font face(s) for "Helvetica Neue" from Google Fonts (cached to C:\Users\iknow\.cache\hyperframes\fonts\helvetica-neue)
[INFO] [Compiler] Injected deterministic @font-face rules for 3 requested font families
[INFO] [Compiler] Fetched 9 font face(s) for "Google Sans Flex" from Google Fonts (cached to C:\Users\iknow\.cache\hyperframes\fonts\google-sans-flex)
[INFO] [Compiler] Fetched 11 font face(s) for "Inter" from Google Fonts (cached to C:\Users\iknow\.cache\hyperframes\fonts\inter)
[StaticGuard] Invalid HyperFrame contract: Track 4: clip ending at 22.4s overlaps with clip starting at 19.98s. Overlapping clips on the same track cause rendering conflicts.; Track 4: clip ending at 26.48s overlaps with clip starting at 23.76s. Overlapping clips on the same track cause rendering conflicts.; Track 4: clip ending at 35.260000000000005s overlaps with clip starting at 32.939s. Overlapping clips on the same track cause rendering conflicts.
[INFO] [Compiler] Fetched 5 font face(s) for "Helvetica Neue" from Google Fonts (cached to C:\Users\iknow\.cache\hyperframes\fonts\helvetica-neue)
[INFO] [Compiler] Injected deterministic @font-face rules for 3 requested font families
[INFO] [Compiler] Fetched 9 font face(s) for "Google Sans Flex" from Google Fonts (cached to C:\Users\iknow\.cache\hyperframes\fonts\google-sans-flex)
[INFO] [Compiler] Fetched 11 font face(s) for "Inter" from Google Fonts (cached to C:\Users\iknow\.cache\hyperframes\fonts\inter)
[StaticGuard] Invalid HyperFrame contract: Track 4: clip ending at 22.4s overlaps with clip starting at 19.98s. Overlapping clips on the same track cause rendering conflicts.; Track 4: clip ending at 26.48s overlaps with clip starting at 23.76s. Overlapping clips on the same track cause rendering conflicts.; Track 4: clip ending at 35.260000000000005s overlaps with clip starting at 32.939s. Overlapping clips on the same track cause rendering conflicts.
[INFO] [Compiler] Fetched 5 font face(s) for "Helvetica Neue" from Google Fonts (cached to C:\Users\iknow\.cache\hyperframes\fonts\helvetica-neue)
[INFO] [Compiler] Injected deterministic @font-face rules for 3 requested font families
[INFO] [Compiler] Fetched 9 font face(s) for "Google Sans Flex" from Google Fonts (cached to C:\Users\iknow\.cache\hyperframes\fonts\google-sans-flex)
[INFO] [Compiler] Fetched 11 font face(s) for "Inter" from Google Fonts (cached to C:\Users\iknow\.cache\hyperframes\fonts\inter)
[StaticGuard] Invalid HyperFrame contract: Track 4: clip ending at 22.4s overlaps with clip starting at 19.98s. Overlapping clips on the same track cause rendering conflicts.; Track 4: clip ending at 26.48s overlaps with clip starting at 23.76s. Overlapping clips on the same track cause rendering conflicts.; Track 4: clip ending at 35.260000000000005s overlaps with clip starting at 32.939s. Overlapping clips on the same track cause rendering conflicts.
[INFO] [Compiler] Fetched 5 font face(s) for "Helvetica Neue" from Google Fonts (cached to C:\Users\iknow\.cache\hyperframes\fonts\helvetica-neue)
[INFO] [Compiler] Injected deterministic @font-face rules for 3 requested font families
[INFO] [Compiler] Fetched 9 font face(s) for "Google Sans Flex" from Google Fonts (cached to C:\Users\iknow\.cache\hyperframes\fonts\google-sans-flex)
[INFO] [Compiler] Fetched 11 font face(s) for "Inter" from Google Fonts (cached to C:\Users\iknow\.cache\hyperframes\fonts\inter)
[StaticGuard] Invalid HyperFrame contract: Track 4: clip ending at 22.4s overlaps with clip starting at 19.98s. Overlapping clips on the same track cause rendering conflicts.; Track 4: clip ending at 26.48s overlaps with clip starting at 23.76s. Overlapping clips on the same track cause rendering conflicts.; Track 4: clip ending at 35.260000000000005s overlaps with clip starting at 32.939s. Overlapping clips on the same track cause rendering conflicts.
[INFO] [Compiler] Fetched 5 font face(s) for "Helvetica Neue" from Google Fonts (cached to C:\Users\iknow\.cache\hyperframes\fonts\helvetica-neue)
[INFO] [Compiler] Injected deterministic @font-face rules for 3 requested font families
[INFO] [Compiler] Fetched 9 font face(s) for "Google Sans Flex" from Google Fonts (cached to C:\Users\iknow\.cache\hyperframes\fonts\google-sans-flex)
[INFO] [Compiler] Fetched 11 font face(s) for "Inter" from Google Fonts (cached to C:\Users\iknow\.cache\hyperframes\fonts\inter)
[StaticGuard] Invalid HyperFrame contract: Track 4: clip ending at 22.4s overlaps with clip starting at 19.98s. Overlapping clips on the same track cause rendering conflicts.; Track 4: clip ending at 26.48s overlaps with clip starting at 23.76s. Overlapping clips on the same track cause rendering conflicts.; Track 4: clip ending at 35.260000000000005s overlaps with clip starting at 32.939s. Overlapping clips on the same track cause rendering conflicts.
[INFO] [Compiler] Fetched 5 font face(s) for "Helvetica Neue" from Google Fonts (cached to C:\Users\iknow\.cache\hyperframes\fonts\helvetica-neue)
[INFO] [Compiler] Injected deterministic @font-face rules for 3 requested font families
[INFO] [Compiler] Fetched 9 font face(s) for "Google Sans Flex" from Google Fonts (cached to C:\Users\iknow\.cache\hyperframes\fonts\google-sans-flex)
[INFO] [Compiler] Fetched 11 font face(s) for "Inter" from Google Fonts (cached to C:\Users\iknow\.cache\hyperframes\fonts\inter)
[StaticGuard] Invalid HyperFrame contract: Track 4: clip ending at 22.4s overlaps with clip starting at 19.98s. Overlapping clips on the same track cause rendering conflicts.; Track 4: clip ending at 26.48s overlaps with clip starting at 23.76s. Overlapping clips on the same track cause rendering conflicts.; Track 4: clip ending at 35.260000000000005s overlaps with clip starting at 32.939s. Overlapping clips on the same track cause rendering conflicts.
[INFO] [Compiler] Fetched 5 font face(s) for "Helvetica Neue" from Google Fonts (cached to C:\Users\iknow\.cache\hyperframes\fonts\helvetica-neue)
[INFO] [Compiler] Injected deterministic @font-face rules for 3 requested font families
[INFO] [Compiler] Fetched 9 font face(s) for "Google Sans Flex" from Google Fonts (cached to C:\Users\iknow\.cache\hyperframes\fonts\google-sans-flex)
[INFO] [Compiler] Fetched 11 font face(s) for "Inter" from Google Fonts (cached to C:\Users\iknow\.cache\hyperframes\fonts\inter)
[StaticGuard] Invalid HyperFrame contract: Track 4: clip ending at 22.4s overlaps with clip starting at 19.98s. Overlapping clips on the same track cause rendering conflicts.; Track 4: clip ending at 26.48s overlaps with clip starting at 23.76s. Overlapping clips on the same track cause rendering conflicts.; Track 4: clip ending at 35.260000000000005s overlaps with clip starting at 32.939s. Overlapping clips on the same track cause rendering conflicts.
[INFO] [Compiler] Fetched 5 font face(s) for "Helvetica Neue" from Google Fonts (cached to C:\Users\iknow\.cache\hyperframes\fonts\helvetica-neue)
[INFO] [Compiler] Injected deterministic @font-face rules for 3 requested font families
[INFO] [Compiler] Fetched 9 font face(s) for "Google Sans Flex" from Google Fonts (cached to C:\Users\iknow\.cache\hyperframes\fonts\google-sans-flex)
[INFO] [Compiler] Fetched 11 font face(s) for "Inter" from Google Fonts (cached to C:\Users\iknow\.cache\hyperframes\fonts\inter)
[StaticGuard] Invalid HyperFrame contract: Track 4: clip ending at 22.4s overlaps with clip starting at 19.98s. Overlapping clips on the same track cause rendering conflicts.; Track 4: clip ending at 26.48s overlaps with clip starting at 23.76s. Overlapping clips on the same track cause rendering conflicts.; Track 4: clip ending at 35.260000000000005s overlaps with clip starting at 32.939s. Overlapping clips on the same track cause rendering conflicts.
[INFO] [Compiler] Fetched 5 font face(s) for "Helvetica Neue" from Google Fonts (cached to C:\Users\iknow\.cache\hyperframes\fonts\helvetica-neue)
[INFO] [Compiler] Injected deterministic @font-face rules for 3 requested font families
[INFO] [Compiler] Fetched 9 font face(s) for "Google Sans Flex" from Google Fonts (cached to C:\Users\iknow\.cache\hyperframes\fonts\google-sans-flex)
[INFO] [Compiler] Fetched 11 font face(s) for "Inter" from Google Fonts (cached to C:\Users\iknow\.cache\hyperframes\fonts\inter)
[StaticGuard] Invalid HyperFrame contract: Track 4: clip ending at 22.4s overlaps with clip starting at 19.98s. Overlapping clips on the same track cause rendering conflicts.; Track 4: clip ending at 26.48s overlaps with clip starting at 23.76s. Overlapping clips on the same track cause rendering conflicts.; Track 4: clip ending at 35.260000000000005s overlaps with clip starting at 32.939s. Overlapping clips on the same track cause rendering conflicts.
[INFO] [Compiler] Fetched 5 font face(s) for "Helvetica Neue" from Google Fonts (cached to C:\Users\iknow\.cache\hyperframes\fonts\helvetica-neue)
[INFO] [Compiler] Injected deterministic @font-face rules for 3 requested font families
[INFO] [Compiler] Fetched 9 font face(s) for "Google Sans Flex" from Google Fonts (cached to C:\Users\iknow\.cache\hyperframes\fonts\google-sans-flex)
[INFO] [Compiler] Fetched 11 font face(s) for "Inter" from Google Fonts (cached to C:\Users\iknow\.cache\hyperframes\fonts\inter)
[StaticGuard] Invalid HyperFrame contract: Track 4: clip ending at 22.4s overlaps with clip starting at 19.98s. Overlapping clips on the same track cause rendering conflicts.; Track 4: clip ending at 26.48s overlaps with clip starting at 23.76s. Overlapping clips on the same track cause rendering conflicts.; Track 4: clip ending at 35.260000000000005s overlaps with clip starting at 32.939s. Overlapping clips on the same track cause rendering conflicts.
[INFO] [Compiler] Fetched 5 font face(s) for "Helvetica Neue" from Google Fonts (cached to C:\Users\iknow\.cache\hyperframes\fonts\helvetica-neue)
[INFO] [Compiler] Injected deterministic @font-face rules for 3 requested font families
[INFO] [Compiler] Fetched 9 font face(s) for "Google Sans Flex" from Google Fonts (cached to C:\Users\iknow\.cache\hyperframes\fonts\google-sans-flex)
[INFO] [Compiler] Fetched 11 font face(s) for "Inter" from Google Fonts (cached to C:\Users\iknow\.cache\hyperframes\fonts\inter)
[StaticGuard] Invalid HyperFrame contract: Track 4: clip ending at 22.4s overlaps with clip starting at 19.98s. Overlapping clips on the same track cause rendering conflicts.; Track 4: clip ending at 26.48s overlaps with clip starting at 23.76s. Overlapping clips on the same track cause rendering conflicts.; Track 4: clip ending at 35.260000000000005s overlaps with clip starting at 32.939s. Overlapping clips on the same track cause rendering conflicts.
[INFO] [Compiler] Fetched 5 font face(s) for "Helvetica Neue" from Google Fonts (cached to C:\Users\iknow\.cache\hyperframes\fonts\helvetica-neue)
[INFO] [Compiler] Injected deterministic @font-face rules for 3 requested font families
[INFO] [Compiler] Fetched 9 font face(s) for "Google Sans Flex" from Google Fonts (cached to C:\Users\iknow\.cache\hyperframes\fonts\google-sans-flex)
[INFO] [Compiler] Fetched 11 font face(s) for "Inter" from Google Fonts (cached to C:\Users\iknow\.cache\hyperframes\fonts\inter)
[StaticGuard] Invalid HyperFrame contract: Track 4: clip ending at 22.4s overlaps with clip starting at 19.98s. Overlapping clips on the same track cause rendering conflicts.; Track 4: clip ending at 26.48s overlaps with clip starting at 23.76s. Overlapping clips on the same track cause rendering conflicts.; Track 4: clip ending at 35.260000000000005s overlaps with clip starting at 32.939s. Overlapping clips on the same track cause rendering conflicts.
[INFO] [Compiler] Fetched 5 font face(s) for "Helvetica Neue" from Google Fonts (cached to C:\Users\iknow\.cache\hyperframes\fonts\helvetica-neue)
[INFO] [Compiler] Injected deterministic @font-face rules for 3 requested font families
[INFO] [Compiler] Fetched 9 font face(s) for "Google Sans Flex" from Google Fonts (cached to C:\Users\iknow\.cache\hyperframes\fonts\google-sans-flex)
[INFO] [Compiler] Fetched 11 font face(s) for "Inter" from Google Fonts (cached to C:\Users\iknow\.cache\hyperframes\fonts\inter)
[StaticGuard] Invalid HyperFrame contract: Track 4: clip ending at 22.4s overlaps with clip starting at 19.98s. Overlapping clips on the same track cause rendering conflicts.; Track 4: clip ending at 26.48s overlaps with clip starting at 23.76s. Overlapping clips on the same track cause rendering conflicts.; Track 4: clip ending at 35.260000000000005s overlaps with clip starting at 32.939s. Overlapping clips on the same track cause rendering conflicts.
[INFO] [Compiler] Fetched 5 font face(s) for "Helvetica Neue" from Google Fonts (cached to C:\Users\iknow\.cache\hyperframes\fonts\helvetica-neue)
[INFO] [Compiler] Injected deterministic @font-face rules for 3 requested font families
[INFO] [Compiler] Fetched 9 font face(s) for "Google Sans Flex" from Google Fonts (cached to C:\Users\iknow\.cache\hyperframes\fonts\google-sans-flex)
[INFO] [Compiler] Fetched 11 font face(s) for "Inter" from Google Fonts (cached to C:\Users\iknow\.cache\hyperframes\fonts\inter)
[StaticGuard] Invalid HyperFrame contract: Track 4: clip ending at 22.4s overlaps with clip starting at 19.98s. Overlapping clips on the same track cause rendering conflicts.; Track 4: clip ending at 26.48s overlaps with clip starting at 23.76s. Overlapping clips on the same track cause rendering conflicts.; Track 4: clip ending at 35.260000000000005s overlaps with clip starting at 32.939s. Overlapping clips on the same track cause rendering conflicts.
[INFO] [Compiler] Fetched 5 font face(s) for "Helvetica Neue" from Google Fonts (cached to C:\Users\iknow\.cache\hyperframes\fonts\helvetica-neue)
[INFO] [Compiler] Injected deterministic @font-face rules for 3 requested font families
[INFO] [Compiler] Fetched 9 font face(s) for "Google Sans Flex" from Google Fonts (cached to C:\Users\iknow\.cache\hyperframes\fonts\google-sans-flex)
[INFO] [Compiler] Fetched 11 font face(s) for "Inter" from Google Fonts (cached to C:\Users\iknow\.cache\hyperframes\fonts\inter)
[StaticGuard] Invalid HyperFrame contract: Track 4: clip ending at 22.4s overlaps with clip starting at 19.98s. Overlapping clips on the same track cause rendering conflicts.; Track 4: clip ending at 26.48s overlaps with clip starting at 23.76s. Overlapping clips on the same track cause rendering conflicts.; Track 4: clip ending at 35.260000000000005s overlaps with clip starting at 32.939s. Overlapping clips on the same track cause rendering conflicts.
[INFO] [Compiler] Fetched 5 font face(s) for "Helvetica Neue" from Google Fonts (cached to C:\Users\iknow\.cache\hyperframes\fonts\helvetica-neue)
[INFO] [Compiler] Injected deterministic @font-face rules for 3 requested font families
[INFO] [Compiler] Fetched 9 font face(s) for "Google Sans Flex" from Google Fonts (cached to C:\Users\iknow\.cache\hyperframes\fonts\google-sans-flex)
[INFO] [Compiler] Fetched 11 font face(s) for "Inter" from Google Fonts (cached to C:\Users\iknow\.cache\hyperframes\fonts\inter)
[StaticGuard] Invalid HyperFrame contract: Track 4: clip ending at 22.4s overlaps with clip starting at 19.98s. Overlapping clips on the same track cause rendering conflicts.; Track 4: clip ending at 26.48s overlaps with clip starting at 23.76s. Overlapping clips on the same track cause rendering conflicts.; Track 4: clip ending at 35.260000000000005s overlaps with clip starting at 32.939s. Overlapping clips on the same track cause rendering conflicts.
[INFO] [Compiler] Fetched 5 font face(s) for "Helvetica Neue" from Google Fonts (cached to C:\Users\iknow\.cache\hyperframes\fonts\helvetica-neue)
[INFO] [Compiler] Injected deterministic @font-face rules for 3 requested font families
[INFO] [Compiler] Fetched 9 font face(s) for "Google Sans Flex" from Google Fonts (cached to C:\Users\iknow\.cache\hyperframes\fonts\google-sans-flex)
[INFO] [Compiler] Fetched 11 font face(s) for "Inter" from Google Fonts (cached to C:\Users\iknow\.cache\hyperframes\fonts\inter)
[StaticGuard] Invalid HyperFrame contract: Track 4: clip ending at 22.4s overlaps with clip starting at 19.98s. Overlapping clips on the same track cause rendering conflicts.; Track 4: clip ending at 26.48s overlaps with clip starting at 23.76s. Overlapping clips on the same track cause rendering conflicts.; Track 4: clip ending at 35.260000000000005s overlaps with clip starting at 32.939s. Overlapping clips on the same track cause rendering conflicts.
[INFO] [Compiler] Fetched 5 font face(s) for "Helvetica Neue" from Google Fonts (cached to C:\Users\iknow\.cache\hyperframes\fonts\helvetica-neue)
[INFO] [Compiler] Injected deterministic @font-face rules for 3 requested font families
[INFO] [Compiler] Fetched 9 font face(s) for "Google Sans Flex" from Google Fonts (cached to C:\Users\iknow\.cache\hyperframes\fonts\google-sans-flex)
[INFO] [Compiler] Fetched 11 font face(s) for "Inter" from Google Fonts (cached to C:\Users\iknow\.cache\hyperframes\fonts\inter)
[StaticGuard] Invalid HyperFrame contract: Track 4: clip ending at 22.4s overlaps with clip starting at 19.98s. Overlapping clips on the same track cause rendering conflicts.; Track 4: clip ending at 26.48s overlaps with clip starting at 23.76s. Overlapping clips on the same track cause rendering conflicts.; Track 4: clip ending at 35.260000000000005s overlaps with clip starting at 32.939s. Overlapping clips on the same track cause rendering conflicts.
[INFO] [Compiler] Fetched 5 font face(s) for "Helvetica Neue" from Google Fonts (cached to C:\Users\iknow\.cache\hyperframes\fonts\helvetica-neue)
[INFO] [Compiler] Injected deterministic @font-face rules for 3 requested font families
[INFO] [Compiler] Fetched 9 font face(s) for "Google Sans Flex" from Google Fonts (cached to C:\Users\iknow\.cache\hyperframes\fonts\google-sans-flex)
[INFO] [Compiler] Fetched 11 font face(s) for "Inter" from Google Fonts (cached to C:\Users\iknow\.cache\hyperframes\fonts\inter)
[StaticGuard] Invalid HyperFrame contract: Track 4: clip ending at 22.4s overlaps with clip starting at 19.98s. Overlapping clips on the same track cause rendering conflicts.; Track 4: clip ending at 26.48s overlaps with clip starting at 23.76s. Overlapping clips on the same track cause rendering conflicts.; Track 4: clip ending at 35.260000000000005s overlaps with clip starting at 32.939s. Overlapping clips on the same track cause rendering conflicts.
[INFO] [Compiler] Fetched 5 font face(s) for "Helvetica Neue" from Google Fonts (cached to C:\Users\iknow\.cache\hyperframes\fonts\helvetica-neue)
[INFO] [Compiler] Injected deterministic @font-face rules for 3 requested font families
[INFO] [Compiler] Fetched 9 font face(s) for "Google Sans Flex" from Google Fonts (cached to C:\Users\iknow\.cache\hyperframes\fonts\google-sans-flex)
[INFO] [Compiler] Fetched 11 font face(s) for "Inter" from Google Fonts (cached to C:\Users\iknow\.cache\hyperframes\fonts\inter)
[StaticGuard] Invalid HyperFrame contract: Track 4: clip ending at 22.4s overlaps with clip starting at 19.98s. Overlapping clips on the same track cause rendering conflicts.; Track 4: clip ending at 26.48s overlaps with clip starting at 23.76s. Overlapping clips on the same track cause rendering conflicts.; Track 4: clip ending at 35.260000000000005s overlaps with clip starting at 32.939s. Overlapping clips on the same track cause rendering conflicts.
[INFO] [Compiler] Fetched 5 font face(s) for "Helvetica Neue" from Google Fonts (cached to C:\Users\iknow\.cache\hyperframes\fonts\helvetica-neue)
[INFO] [Compiler] Injected deterministic @font-face rules for 3 requested font families
[INFO] [Compiler] Fetched 9 font face(s) for "Google Sans Flex" from Google Fonts (cached to C:\Users\iknow\.cache\hyperframes\fonts\google-sans-flex)
[INFO] [Compiler] Fetched 11 font face(s) for "Inter" from Google Fonts (cached to C:\Users\iknow\.cache\hyperframes\fonts\inter)
[StaticGuard] Invalid HyperFrame contract: Track 4: clip ending at 22.4s overlaps with clip starting at 19.98s. Overlapping clips on the same track cause rendering conflicts.; Track 4: clip ending at 26.48s overlaps with clip starting at 23.76s. Overlapping clips on the same track cause rendering conflicts.; Track 4: clip ending at 35.260000000000005s overlaps with clip starting at 32.939s. Overlapping clips on the same track cause rendering conflicts.
[INFO] [Compiler] Fetched 5 font face(s) for "Helvetica Neue" from Google Fonts (cached to C:\Users\iknow\.cache\hyperframes\fonts\helvetica-neue)
[INFO] [Compiler] Injected deterministic @font-face rules for 3 requested font families
[INFO] [Compiler] Fetched 9 font face(s) for "Google Sans Flex" from Google Fonts (cached to C:\Users\iknow\.cache\hyperframes\fonts\google-sans-flex)
[INFO] [Compiler] Fetched 11 font face(s) for "Inter" from Google Fonts (cached to C:\Users\iknow\.cache\hyperframes\fonts\inter)
[StaticGuard] Invalid HyperFrame contract: Track 4: clip ending at 22.4s overlaps with clip starting at 19.98s. Overlapping clips on the same track cause rendering conflicts.; Track 4: clip ending at 26.48s overlaps with clip starting at 23.76s. Overlapping clips on the same track cause rendering conflicts.; Track 4: clip ending at 35.260000000000005s overlaps with clip starting at 32.939s. Overlapping clips on the same track cause rendering conflicts.
[INFO] [Compiler] Fetched 5 font face(s) for "Helvetica Neue" from Google Fonts (cached to C:\Users\iknow\.cache\hyperframes\fonts\helvetica-neue)
[INFO] [Compiler] Injected deterministic @font-face rules for 3 requested font families
[INFO] [Compiler] Fetched 9 font face(s) for "Google Sans Flex" from Google Fonts (cached to C:\Users\iknow\.cache\hyperframes\fonts\google-sans-flex)
[INFO] [Compiler] Fetched 11 font face(s) for "Inter" from Google Fonts (cached to C:\Users\iknow\.cache\hyperframes\fonts\inter)
[StaticGuard] Invalid HyperFrame contract: Track 4: clip ending at 22.4s overlaps with clip starting at 19.98s. Overlapping clips on the same track cause rendering conflicts.; Track 4: clip ending at 26.48s overlaps with clip starting at 23.76s. Overlapping clips on the same track cause rendering conflicts.; Track 4: clip ending at 35.260000000000005s overlaps with clip starting at 32.939s. Overlapping clips on the same track cause rendering conflicts.
[INFO] [Compiler] Fetched 5 font face(s) for "Helvetica Neue" from Google Fonts (cached to C:\Users\iknow\.cache\hyperframes\fonts\helvetica-neue)
[INFO] [Compiler] Injected deterministic @font-face rules for 3 requested font families
[INFO] [Compiler] Fetched 9 font face(s) for "Google Sans Flex" from Google Fonts (cached to C:\Users\iknow\.cache\hyperframes\fonts\google-sans-flex)
[INFO] [Compiler] Fetched 11 font face(s) for "Inter" from Google Fonts (cached to C:\Users\iknow\.cache\hyperframes\fonts\inter)
[StaticGuard] Invalid HyperFrame contract: Track 4: clip ending at 22.4s overlaps with clip starting at 19.98s. Overlapping clips on the same track cause rendering conflicts.; Track 4: clip ending at 26.48s overlaps with clip starting at 23.76s. Overlapping clips on the same track cause rendering conflicts.; Track 4: clip ending at 35.260000000000005s overlaps with clip starting at 32.939s. Overlapping clips on the same track cause rendering conflicts.
[INFO] [Compiler] Fetched 5 font face(s) for "Helvetica Neue" from Google Fonts (cached to C:\Users\iknow\.cache\hyperframes\fonts\helvetica-neue)
[INFO] [Compiler] Injected deterministic @font-face rules for 3 requested font families
[INFO] [Compiler] Fetched 9 font face(s) for "Google Sans Flex" from Google Fonts (cached to C:\Users\iknow\.cache\hyperframes\fonts\google-sans-flex)
[INFO] [Compiler] Fetched 11 font face(s) for "Inter" from Google Fonts (cached to C:\Users\iknow\.cache\hyperframes\fonts\inter)
[StaticGuard] Invalid HyperFrame contract: Track 4: clip ending at 22.4s overlaps with clip starting at 19.98s. Overlapping clips on the same track cause rendering conflicts.; Track 4: clip ending at 26.48s overlaps with clip starting at 23.76s. Overlapping clips on the same track cause rendering conflicts.; Track 4: clip ending at 35.260000000000005s overlaps with clip starting at 32.939s. Overlapping clips on the same track cause rendering conflicts.
[INFO] [Compiler] Fetched 5 font face(s) for "Helvetica Neue" from Google Fonts (cached to C:\Users\iknow\.cache\hyperframes\fonts\helvetica-neue)
[INFO] [Compiler] Injected deterministic @font-face rules for 3 requested font families
[INFO] [Compiler] Fetched 9 font face(s) for "Google Sans Flex" from Google Fonts (cached to C:\Users\iknow\.cache\hyperframes\fonts\google-sans-flex)
[StaticGuard] Invalid HyperFrame contract: Track 4: clip ending at 22.4s overlaps with clip starting at 19.98s. Overlapping clips on the same track cause rendering conflicts.; Track 4: clip ending at 26.48s overlaps with clip starting at 23.76s. Overlapping clips on the same track cause rendering conflicts.; Track 4: clip ending at 35.260000000000005s overlaps with clip starting at 32.939s. Overlapping clips on the same track cause rendering conflicts.
[INFO] [Compiler] Fetched 11 font face(s) for "Inter" from Google Fonts (cached to C:\Users\iknow\.cache\hyperframes\fonts\inter)
[INFO] [Compiler] Fetched 9 font face(s) for "Google Sans Flex" from Google Fonts (cached to C:\Users\iknow\.cache\hyperframes\fonts\google-sans-flex)
[INFO] [Compiler] Fetched 5 font face(s) for "Helvetica Neue" from Google Fonts (cached to C:\Users\iknow\.cache\hyperframes\fonts\helvetica-neue)
[INFO] [Compiler] Injected deterministic @font-face rules for 3 requested font families
[INFO] [Compiler] Fetched 11 font face(s) for "Inter" from Google Fonts (cached to C:\Users\iknow\.cache\hyperframes\fonts\inter)
[StaticGuard] Invalid HyperFrame contract: Track 4: clip ending at 22.4s overlaps with clip starting at 19.98s. Overlapping clips on the same track cause rendering conflicts.; Track 4: clip ending at 26.48s overlaps with clip starting at 23.76s. Overlapping clips on the same track cause rendering conflicts.; Track 4: clip ending at 35.260000000000005s overlaps with clip starting at 32.939s. Overlapping clips on the same track cause rendering conflicts.
[INFO] [Compiler] Fetched 5 font face(s) for "Helvetica Neue" from Google Fonts (cached to C:\Users\iknow\.cache\hyperframes\fonts\helvetica-neue)
[INFO] [Compiler] Injected deterministic @font-face rules for 3 requested font families
[INFO] [Compiler] Fetched 9 font face(s) for "Google Sans Flex" from Google Fonts (cached to C:\Users\iknow\.cache\hyperframes\fonts\google-sans-flex)
[INFO] [Compiler] Fetched 11 font face(s) for "Inter" from Google Fonts (cached to C:\Users\iknow\.cache\hyperframes\fonts\inter)
[StaticGuard] Invalid HyperFrame contract: Track 4: clip ending at 22.4s overlaps with clip starting at 19.98s. Overlapping clips on the same track cause rendering conflicts.; Track 4: clip ending at 26.48s overlaps with clip starting at 23.76s. Overlapping clips on the same track cause rendering conflicts.; Track 4: clip ending at 35.260000000000005s overlaps with clip starting at 32.939s. Overlapping clips on the same track cause rendering conflicts.
[INFO] [Compiler] Fetched 5 font face(s) for "Helvetica Neue" from Google Fonts (cached to C:\Users\iknow\.cache\hyperframes\fonts\helvetica-neue)
[INFO] [Compiler] Injected deterministic @font-face rules for 3 requested font families
[INFO] [Compiler] Fetched 9 font face(s) for "Google Sans Flex" from Google Fonts (cached to C:\Users\iknow\.cache\hyperframes\fonts\google-sans-flex)
[INFO] [Compiler] Fetched 11 font face(s) for "Inter" from Google Fonts (cached to C:\Users\iknow\.cache\hyperframes\fonts\inter)
[StaticGuard] Invalid HyperFrame contract: Track 4: clip ending at 22.4s overlaps with clip starting at 19.98s. Overlapping clips on the same track cause rendering conflicts.; Track 4: clip ending at 26.48s overlaps with clip starting at 23.76s. Overlapping clips on the same track cause rendering conflicts.; Track 4: clip ending at 35.260000000000005s overlaps with clip starting at 32.939s. Overlapping clips on the same track cause rendering conflicts.
[INFO] [Compiler] Fetched 5 font face(s) for "Helvetica Neue" from Google Fonts (cached to C:\Users\iknow\.cache\hyperframes\fonts\helvetica-neue)
[INFO] [Compiler] Injected deterministic @font-face rules for 3 requested font families
[INFO] [Compiler] Fetched 9 font face(s) for "Google Sans Flex" from Google Fonts (cached to C:\Users\iknow\.cache\hyperframes\fonts\google-sans-flex)
[INFO] [Compiler] Fetched 11 font face(s) for "Inter" from Google Fonts (cached to C:\Users\iknow\.cache\hyperframes\fonts\inter)
[StaticGuard] Invalid HyperFrame contract: Track 4: clip ending at 22.4s overlaps with clip starting at 19.98s. Overlapping clips on the same track cause rendering conflicts.; Track 4: clip ending at 26.48s overlaps with clip starting at 23.76s. Overlapping clips on the same track cause rendering conflicts.; Track 4: clip ending at 35.260000000000005s overlaps with clip starting at 32.939s. Overlapping clips on the same track cause rendering conflicts.
[INFO] [Compiler] Fetched 9 font face(s) for "Google Sans Flex" from Google Fonts (cached to C:\Users\iknow\.cache\hyperframes\fonts\google-sans-flex)
[INFO] [Compiler] Fetched 5 font face(s) for "Helvetica Neue" from Google Fonts (cached to C:\Users\iknow\.cache\hyperframes\fonts\helvetica-neue)
[INFO] [Compiler] Injected deterministic @font-face rules for 3 requested font families
[StaticGuard] Invalid HyperFrame contract: Track 4: clip ending at 22.4s overlaps with clip starting at 19.98s. Overlapping clips on the same track cause rendering conflicts.; Track 4: clip ending at 26.48s overlaps with clip starting at 23.76s. Overlapping clips on the same track cause rendering conflicts.; Track 4: clip ending at 35.260000000000005s overlaps with clip starting at 32.939s. Overlapping clips on the same track cause rendering conflicts.
[INFO] [Compiler] Fetched 11 font face(s) for "Inter" from Google Fonts (cached to C:\Users\iknow\.cache\hyperframes\fonts\inter)
[INFO] [Compiler] Fetched 9 font face(s) for "Google Sans Flex" from Google Fonts (cached to C:\Users\iknow\.cache\hyperframes\fonts\google-sans-flex)
[INFO] [Compiler] Fetched 5 font face(s) for "Helvetica Neue" from Google Fonts (cached to C:\Users\iknow\.cache\hyperframes\fonts\helvetica-neue)
[INFO] [Compiler] Injected deterministic @font-face rules for 3 requested font families
[StaticGuard] Invalid HyperFrame contract: Track 4: clip ending at 22.4s overlaps with clip starting at 19.98s. Overlapping clips on the same track cause rendering conflicts.; Track 4: clip ending at 26.48s overlaps with clip starting at 23.76s. Overlapping clips on the same track cause rendering conflicts.; Track 4: clip ending at 35.260000000000005s overlaps with clip starting at 32.939s. Overlapping clips on the same track cause rendering conflicts.
[INFO] [Compiler] Fetched 11 font face(s) for "Inter" from Google Fonts (cached to C:\Users\iknow\.cache\hyperframes\fonts\inter)
[INFO] [Compiler] Fetched 9 font face(s) for "Google Sans Flex" from Google Fonts (cached to C:\Users\iknow\.cache\hyperframes\fonts\google-sans-flex)
[StaticGuard] Invalid HyperFrame contract: Track 4: clip ending at 22.4s overlaps with clip starting at 19.98s. Overlapping clips on the same track cause rendering conflicts.; Track 4: clip ending at 26.48s overlaps with clip starting at 23.76s. Overlapping clips on the same track cause rendering conflicts.; Track 4: clip ending at 35.260000000000005s overlaps with clip starting at 32.939s. Overlapping clips on the same track cause rendering conflicts.
[StaticGuard] Invalid HyperFrame contract: Track 4: clip ending at 22.4s overlaps with clip starting at 19.98s. Overlapping clips on the same track cause rendering conflicts.; Track 4: clip ending at 26.48s overlaps with clip starting at 23.76s. Overlapping clips on the same track cause rendering conflicts.; Track 4: clip ending at 35.260000000000005s overlaps with clip starting at 32.939s. Overlapping clips on the same track cause rendering conflicts.
[INFO] [Compiler] Fetched 11 font face(s) for "Inter" from Google Fonts (cached to C:\Users\iknow\.cache\hyperframes\fonts\inter)
[INFO] [Compiler] Fetched 5 font face(s) for "Helvetica Neue" from Google Fonts (cached to C:\Users\iknow\.cache\hyperframes\fonts\helvetica-neue)
[INFO] [Compiler] Injected deterministic @font-face rules for 3 requested font families
[StaticGuard] Invalid HyperFrame contract: Track 4: clip ending at 22.4s overlaps with clip starting at 19.98s. Overlapping clips on the same track cause rendering conflicts.; Track 4: clip ending at 26.48s overlaps with clip starting at 23.76s. Overlapping clips on the same track cause rendering conflicts.; Track 4: clip ending at 35.260000000000005s overlaps with clip starting at 32.939s. Overlapping clips on the same track cause rendering conflicts.
[INFO] [Compiler] Fetched 5 font face(s) for "Helvetica Neue" from Google Fonts (cached to C:\Users\iknow\.cache\hyperframes\fonts\helvetica-neue)
[INFO] [Compiler] Injected deterministic @font-face rules for 3 requested font families
[StaticGuard] Invalid HyperFrame contract: Track 4: clip ending at 22.4s overlaps with clip starting at 19.98s. Overlapping clips on the same track cause rendering conflicts.; Track 4: clip ending at 26.48s overlaps with clip starting at 23.76s. Overlapping clips on the same track cause rendering conflicts.; Track 4: clip ending at 35.260000000000005s overlaps with clip starting at 32.939s. Overlapping clips on the same track cause rendering conflicts.
[StaticGuard] Invalid HyperFrame contract: Track 4: clip ending at 22.4s overlaps with clip starting at 19.98s. Overlapping clips on the same track cause rendering conflicts.; Track 4: clip ending at 26.48s overlaps with clip starting at 23.76s. Overlapping clips on the same track cause rendering conflicts.; Track 4: clip ending at 35.260000000000005s overlaps with clip starting at 32.939s. Overlapping clips on the same track cause rendering conflicts.
[INFO] [Compiler] Fetched 9 font face(s) for "Google Sans Flex" from Google Fonts (cached to C:\Users\iknow\.cache\hyperframes\fonts\google-sans-flex)
[INFO] [Compiler] Fetched 9 font face(s) for "Google Sans Flex" from Google Fonts (cached to C:\Users\iknow\.cache\hyperframes\fonts\google-sans-flex)
[StaticGuard] Invalid HyperFrame contract: Track 4: clip ending at 22.4s overlaps with clip starting at 19.98s. Overlapping clips on the same track cause rendering conflicts.; Track 4: clip ending at 26.48s overlaps with clip starting at 23.76s. Overlapping clips on the same track cause rendering conflicts.; Track 4: clip ending at 35.260000000000005s overlaps with clip starting at 32.939s. Overlapping clips on the same track cause rendering conflicts.
[StaticGuard] Invalid HyperFrame contract: Track 4: clip ending at 22.4s overlaps with clip starting at 19.98s. Overlapping clips on the same track cause rendering conflicts.; Track 4: clip ending at 26.48s overlaps with clip starting at 23.76s. Overlapping clips on the same track cause rendering conflicts.; Track 4: clip ending at 35.260000000000005s overlaps with clip starting at 32.939s. Overlapping clips on the same track cause rendering conflicts.
[INFO] [Compiler] Fetched 9 font face(s) for "Google Sans Flex" from Google Fonts (cached to C:\Users\iknow\.cache\hyperframes\fonts\google-sans-flex)
[INFO] [Compiler] Fetched 9 font face(s) for "Google Sans Flex" from Google Fonts (cached to C:\Users\iknow\.cache\hyperframes\fonts\google-sans-flex)
[INFO] [Compiler] Fetched 9 font face(s) for "Google Sans Flex" from Google Fonts (cached to C:\Users\iknow\.cache\hyperframes\fonts\google-sans-flex)
[INFO] [Compiler] Fetched 11 font face(s) for "Inter" from Google Fonts (cached to C:\Users\iknow\.cache\hyperframes\fonts\inter)
[StaticGuard] Invalid HyperFrame contract: Track 4: clip ending at 22.4s overlaps with clip starting at 19.98s. Overlapping clips on the same track cause rendering conflicts.; Track 4: clip ending at 26.48s overlaps with clip starting at 23.76s. Overlapping clips on the same track cause rendering conflicts.; Track 4: clip ending at 35.260000000000005s overlaps with clip starting at 32.939s. Overlapping clips on the same track cause rendering conflicts.
[StaticGuard] Invalid HyperFrame contract: Track 4: clip ending at 22.4s overlaps with clip starting at 19.98s. Overlapping clips on the same track cause rendering conflicts.; Track 4: clip ending at 26.48s overlaps with clip starting at 23.76s. Overlapping clips on the same track cause rendering conflicts.; Track 4: clip ending at 35.260000000000005s overlaps with clip starting at 32.939s. Overlapping clips on the same track cause rendering conflicts.
[INFO] [Compiler] Fetched 11 font face(s) for "Inter" from Google Fonts (cached to C:\Users\iknow\.cache\hyperframes\fonts\inter)
[INFO] [Compiler] Fetched 5 font face(s) for "Helvetica Neue" from Google Fonts (cached to C:\Users\iknow\.cache\hyperframes\fonts\helvetica-neue)
[INFO] [Compiler] Injected deterministic @font-face rules for 3 requested font families
[INFO] [Compiler] Fetched 11 font face(s) for "Inter" from Google Fonts (cached to C:\Users\iknow\.cache\hyperframes\fonts\inter)
[INFO] [Compiler] Fetched 11 font face(s) for "Inter" from Google Fonts (cached to C:\Users\iknow\.cache\hyperframes\fonts\inter)
[StaticGuard] Invalid HyperFrame contract: Track 4: clip ending at 22.4s overlaps with clip starting at 19.98s. Overlapping clips on the same track cause rendering conflicts.; Track 4: clip ending at 26.48s overlaps with clip starting at 23.76s. Overlapping clips on the same track cause rendering conflicts.; Track 4: clip ending at 35.260000000000005s overlaps with clip starting at 32.939s. Overlapping clips on the same track cause rendering conflicts.
[StaticGuard] Invalid HyperFrame contract: Track 4: clip ending at 22.4s overlaps with clip starting at 19.98s. Overlapping clips on the same track cause rendering conflicts.; Track 4: clip ending at 26.48s overlaps with clip starting at 23.76s. Overlapping clips on the same track cause rendering conflicts.; Track 4: clip ending at 35.260000000000005s overlaps with clip starting at 32.939s. Overlapping clips on the same track cause rendering conflicts.
[INFO] [Compiler] Fetched 9 font face(s) for "Google Sans Flex" from Google Fonts (cached to C:\Users\iknow\.cache\hyperframes\fonts\google-sans-flex)
[INFO] [Compiler] Fetched 11 font face(s) for "Inter" from Google Fonts (cached to C:\Users\iknow\.cache\hyperframes\fonts\inter)
[INFO] [Compiler] Fetched 5 font face(s) for "Helvetica Neue" from Google Fonts (cached to C:\Users\iknow\.cache\hyperframes\fonts\helvetica-neue)
[INFO] [Compiler] Injected deterministic @font-face rules for 3 requested font families
[INFO] [Compiler] Fetched 5 font face(s) for "Helvetica Neue" from Google Fonts (cached to C:\Users\iknow\.cache\hyperframes\fonts\helvetica-neue)
[INFO] [Compiler] Injected deterministic @font-face rules for 3 requested font families
[INFO] [Compiler] Fetched 5 font face(s) for "Helvetica Neue" from Google Fonts (cached to C:\Users\iknow\.cache\hyperframes\fonts\helvetica-neue)
[INFO] [Compiler] Injected deterministic @font-face rules for 3 requested font families
[INFO] [Compiler] Fetched 9 font face(s) for "Google Sans Flex" from Google Fonts (cached to C:\Users\iknow\.cache\hyperframes\fonts\google-sans-flex)
[INFO] [Compiler] Fetched 11 font face(s) for "Inter" from Google Fonts (cached to C:\Users\iknow\.cache\hyperframes\fonts\inter)
[StaticGuard] Invalid HyperFrame contract: Track 4: clip ending at 22.4s overlaps with clip starting at 19.98s. Overlapping clips on the same track cause rendering conflicts.; Track 4: clip ending at 26.48s overlaps with clip starting at 23.76s. Overlapping clips on the same track cause rendering conflicts.; Track 4: clip ending at 35.260000000000005s overlaps with clip starting at 32.939s. Overlapping clips on the same track cause rendering conflicts.
[StaticGuard] Invalid HyperFrame contract: Track 4: clip ending at 22.4s overlaps with clip starting at 19.98s. Overlapping clips on the same track cause rendering conflicts.; Track 4: clip ending at 26.48s overlaps with clip starting at 23.76s. Overlapping clips on the same track cause rendering conflicts.; Track 4: clip ending at 35.260000000000005s overlaps with clip starting at 32.939s. Overlapping clips on the same track cause rendering conflicts.
[INFO] [Compiler] Fetched 9 font face(s) for "Google Sans Flex" from Google Fonts (cached to C:\Users\iknow\.cache\hyperframes\fonts\google-sans-flex)
[INFO] [Compiler] Fetched 5 font face(s) for "Helvetica Neue" from Google Fonts (cached to C:\Users\iknow\.cache\hyperframes\fonts\helvetica-neue)
[INFO] [Compiler] Injected deterministic @font-face rules for 3 requested font families
[INFO] [Compiler] Fetched 9 font face(s) for "Google Sans Flex" from Google Fonts (cached to C:\Users\iknow\.cache\hyperframes\fonts\google-sans-flex)
[INFO] [Compiler] Fetched 11 font face(s) for "Inter" from Google Fonts (cached to C:\Users\iknow\.cache\hyperframes\fonts\inter)
[INFO] [Compiler] Fetched 5 font face(s) for "Helvetica Neue" from Google Fonts (cached to C:\Users\iknow\.cache\hyperframes\fonts\helvetica-neue)
[INFO] [Compiler] Injected deterministic @font-face rules for 3 requested font families
[INFO] [Compiler] Fetched 9 font face(s) for "Google Sans Flex" from Google Fonts (cached to C:\Users\iknow\.cache\hyperframes\fonts\google-sans-flex)
[StaticGuard] Invalid HyperFrame contract: Track 4: clip ending at 22.4s overlaps with clip starting at 19.98s. Overlapping clips on the same track cause rendering conflicts.; Track 4: clip ending at 26.48s overlaps with clip starting at 23.76s. Overlapping clips on the same track cause rendering conflicts.; Track 4: clip ending at 35.260000000000005s overlaps with clip starting at 32.939s. Overlapping clips on the same track cause rendering conflicts.
[StaticGuard] Invalid HyperFrame contract: Track 4: clip ending at 22.4s overlaps with clip starting at 19.98s. Overlapping clips on the same track cause rendering conflicts.; Track 4: clip ending at 26.48s overlaps with clip starting at 23.76s. Overlapping clips on the same track cause rendering conflicts.; Track 4: clip ending at 35.260000000000005s overlaps with clip starting at 32.939s. Overlapping clips on the same track cause rendering conflicts.
[INFO] [Compiler] Fetched 11 font face(s) for "Inter" from Google Fonts (cached to C:\Users\iknow\.cache\hyperframes\fonts\inter)
[INFO] [Compiler] Fetched 5 font face(s) for "Helvetica Neue" from Google Fonts (cached to C:\Users\iknow\.cache\hyperframes\fonts\helvetica-neue)
[INFO] [Compiler] Injected deterministic @font-face rules for 3 requested font families
[INFO] [Compiler] Fetched 9 font face(s) for "Google Sans Flex" from Google Fonts (cached to C:\Users\iknow\.cache\hyperframes\fonts\google-sans-flex)
[INFO] [Compiler] Fetched 11 font face(s) for "Inter" from Google Fonts (cached to C:\Users\iknow\.cache\hyperframes\fonts\inter)
[INFO] [Compiler] Fetched 9 font face(s) for "Google Sans Flex" from Google Fonts (cached to C:\Users\iknow\.cache\hyperframes\fonts\google-sans-flex)
[INFO] [Compiler] Fetched 9 font face(s) for "Google Sans Flex" from Google Fonts (cached to C:\Users\iknow\.cache\hyperframes\fonts\google-sans-flex)
[INFO] [Compiler] Fetched 9 font face(s) for "Google Sans Flex" from Google Fonts (cached to C:\Users\iknow\.cache\hyperframes\fonts\google-sans-flex)
[INFO] [Compiler] Fetched 11 font face(s) for "Inter" from Google Fonts (cached to C:\Users\iknow\.cache\hyperframes\fonts\inter)
[StaticGuard] Invalid HyperFrame contract: Track 4: clip ending at 22.4s overlaps with clip starting at 19.98s. Overlapping clips on the same track cause rendering conflicts.; Track 4: clip ending at 26.48s overlaps with clip starting at 23.76s. Overlapping clips on the same track cause rendering conflicts.; Track 4: clip ending at 35.260000000000005s overlaps with clip starting at 32.939s. Overlapping clips on the same track cause rendering conflicts.
[StaticGuard] Invalid HyperFrame contract: Track 4: clip ending at 22.4s overlaps with clip starting at 19.98s. Overlapping clips on the same track cause rendering conflicts.; Track 4: clip ending at 26.48s overlaps with clip starting at 23.76s. Overlapping clips on the same track cause rendering conflicts.; Track 4: clip ending at 35.260000000000005s overlaps with clip starting at 32.939s. Overlapping clips on the same track cause rendering conflicts.
[INFO] [Compiler] Fetched 9 font face(s) for "Google Sans Flex" from Google Fonts (cached to C:\Users\iknow\.cache\hyperframes\fonts\google-sans-flex)
[INFO] [Compiler] Fetched 5 font face(s) for "Helvetica Neue" from Google Fonts (cached to C:\Users\iknow\.cache\hyperframes\fonts\helvetica-neue)
[INFO] [Compiler] Injected deterministic @font-face rules for 3 requested font families
[INFO] [Compiler] Fetched 11 font face(s) for "Inter" from Google Fonts (cached to C:\Users\iknow\.cache\hyperframes\fonts\inter)
[INFO] [Compiler] Fetched 5 font face(s) for "Helvetica Neue" from Google Fonts (cached to C:\Users\iknow\.cache\hyperframes\fonts\helvetica-neue)
[INFO] [Compiler] Injected deterministic @font-face rules for 3 requested font families
[INFO] [Compiler] Fetched 11 font face(s) for "Inter" from Google Fonts (cached to C:\Users\iknow\.cache\hyperframes\fonts\inter)
[INFO] [Compiler] Fetched 11 font face(s) for "Inter" from Google Fonts (cached to C:\Users\iknow\.cache\hyperframes\fonts\inter)
[INFO] [Compiler] Fetched 11 font face(s) for "Inter" from Google Fonts (cached to C:\Users\iknow\.cache\hyperframes\fonts\inter)
[INFO] [Compiler] Fetched 5 font face(s) for "Helvetica Neue" from Google Fonts (cached to C:\Users\iknow\.cache\hyperframes\fonts\helvetica-neue)
[INFO] [Compiler] Injected deterministic @font-face rules for 3 requested font families
[INFO] [Compiler] Fetched 9 font face(s) for "Google Sans Flex" from Google Fonts (cached to C:\Users\iknow\.cache\hyperframes\fonts\google-sans-flex)
[INFO] [Compiler] Fetched 9 font face(s) for "Google Sans Flex" from Google Fonts (cached to C:\Users\iknow\.cache\hyperframes\fonts\google-sans-flex)
[StaticGuard] Invalid HyperFrame contract: Track 4: clip ending at 22.4s overlaps with clip starting at 19.98s. Overlapping clips on the same track cause rendering conflicts.; Track 4: clip ending at 26.48s overlaps with clip starting at 23.76s. Overlapping clips on the same track cause rendering conflicts.; Track 4: clip ending at 35.260000000000005s overlaps with clip starting at 32.939s. Overlapping clips on the same track cause rendering conflicts.
[StaticGuard] Invalid HyperFrame contract: Track 4: clip ending at 22.4s overlaps with clip starting at 19.98s. Overlapping clips on the same track cause rendering conflicts.; Track 4: clip ending at 26.48s overlaps with clip starting at 23.76s. Overlapping clips on the same track cause rendering conflicts.; Track 4: clip ending at 35.260000000000005s overlaps with clip starting at 32.939s. Overlapping clips on the same track cause rendering conflicts.
[INFO] [Compiler] Fetched 5 font face(s) for "Helvetica Neue" from Google Fonts (cached to C:\Users\iknow\.cache\hyperframes\fonts\helvetica-neue)
[INFO] [Compiler] Injected deterministic @font-face rules for 3 requested font families
[INFO] [Compiler] Fetched 11 font face(s) for "Inter" from Google Fonts (cached to C:\Users\iknow\.cache\hyperframes\fonts\inter)
[INFO] [Compiler] Fetched 5 font face(s) for "Helvetica Neue" from Google Fonts (cached to C:\Users\iknow\.cache\hyperframes\fonts\helvetica-neue)
[INFO] [Compiler] Injected deterministic @font-face rules for 3 requested font families
[INFO] [Compiler] Fetched 11 font face(s) for "Inter" from Google Fonts (cached to C:\Users\iknow\.cache\hyperframes\fonts\inter)
[INFO] [Compiler] Fetched 5 font face(s) for "Helvetica Neue" from Google Fonts (cached to C:\Users\iknow\.cache\hyperframes\fonts\helvetica-neue)
[INFO] [Compiler] Injected deterministic @font-face rules for 3 requested font families
[INFO] [Compiler] Fetched 5 font face(s) for "Helvetica Neue" from Google Fonts (cached to C:\Users\iknow\.cache\hyperframes\fonts\helvetica-neue)
[INFO] [Compiler] Injected deterministic @font-face rules for 3 requested font families
[INFO] [Compiler] Fetched 9 font face(s) for "Google Sans Flex" from Google Fonts (cached to C:\Users\iknow\.cache\hyperframes\fonts\google-sans-flex)
[INFO] [Compiler] Fetched 11 font face(s) for "Inter" from Google Fonts (cached to C:\Users\iknow\.cache\hyperframes\fonts\inter)
[INFO] [Compiler] Fetched 5 font face(s) for "Helvetica Neue" from Google Fonts (cached to C:\Users\iknow\.cache\hyperframes\fonts\helvetica-neue)
[INFO] [Compiler] Injected deterministic @font-face rules for 3 requested font families
[StaticGuard] Invalid HyperFrame contract: Track 4: clip ending at 22.4s overlaps with clip starting at 19.98s. Overlapping clips on the same track cause rendering conflicts.; Track 4: clip ending at 26.48s overlaps with clip starting at 23.76s. Overlapping clips on the same track cause rendering conflicts.; Track 4: clip ending at 35.260000000000005s overlaps with clip starting at 32.939s. Overlapping clips on the same track cause rendering conflicts.
[StaticGuard] Invalid HyperFrame contract: Track 4: clip ending at 22.4s overlaps with clip starting at 19.98s. Overlapping clips on the same track cause rendering conflicts.; Track 4: clip ending at 26.48s overlaps with clip starting at 23.76s. Overlapping clips on the same track cause rendering conflicts.; Track 4: clip ending at 35.260000000000005s overlaps with clip starting at 32.939s. Overlapping clips on the same track cause rendering conflicts.
[INFO] [Compiler] Fetched 9 font face(s) for "Google Sans Flex" from Google Fonts (cached to C:\Users\iknow\.cache\hyperframes\fonts\google-sans-flex)
[INFO] [Compiler] Fetched 5 font face(s) for "Helvetica Neue" from Google Fonts (cached to C:\Users\iknow\.cache\hyperframes\fonts\helvetica-neue)
[INFO] [Compiler] Injected deterministic @font-face rules for 3 requested font families
[INFO] [Compiler] Fetched 9 font face(s) for "Google Sans Flex" from Google Fonts (cached to C:\Users\iknow\.cache\hyperframes\fonts\google-sans-flex)
[INFO] [Compiler] Fetched 5 font face(s) for "Helvetica Neue" from Google Fonts (cached to C:\Users\iknow\.cache\hyperframes\fonts\helvetica-neue)
[INFO] [Compiler] Injected deterministic @font-face rules for 3 requested font families
[INFO] [Compiler] Fetched 11 font face(s) for "Inter" from Google Fonts (cached to C:\Users\iknow\.cache\hyperframes\fonts\inter)
[INFO] [Compiler] Fetched 9 font face(s) for "Google Sans Flex" from Google Fonts (cached to C:\Users\iknow\.cache\hyperframes\fonts\google-sans-flex)
[INFO] [Compiler] Fetched 11 font face(s) for "Inter" from Google Fonts (cached to C:\Users\iknow\.cache\hyperframes\fonts\inter)
[INFO] [Compiler] Fetched 11 font face(s) for "Inter" from Google Fonts (cached to C:\Users\iknow\.cache\hyperframes\fonts\inter)
[StaticGuard] Invalid HyperFrame contract: Track 4: clip ending at 22.4s overlaps with clip starting at 19.98s. Overlapping clips on the same track cause rendering conflicts.; Track 4: clip ending at 26.48s overlaps with clip starting at 23.76s. Overlapping clips on the same track cause rendering conflicts.; Track 4: clip ending at 35.260000000000005s overlaps with clip starting at 32.939s. Overlapping clips on the same track cause rendering conflicts.
[StaticGuard] Invalid HyperFrame contract: Track 4: clip ending at 22.4s overlaps with clip starting at 19.98s. Overlapping clips on the same track cause rendering conflicts.; Track 4: clip ending at 26.48s overlaps with clip starting at 23.76s. Overlapping clips on the same track cause rendering conflicts.; Track 4: clip ending at 35.260000000000005s overlaps with clip starting at 32.939s. Overlapping clips on the same track cause rendering conflicts.
[StaticGuard] Invalid HyperFrame contract: Track 4: clip ending at 22.4s overlaps with clip starting at 19.98s. Overlapping clips on the same track cause rendering conflicts.; Track 4: clip ending at 26.48s overlaps with clip starting at 23.76s. Overlapping clips on the same track cause rendering conflicts.; Track 4: clip ending at 35.260000000000005s overlaps with clip starting at 32.939s. Overlapping clips on the same track cause rendering conflicts.
[INFO] [Compiler] Fetched 5 font face(s) for "Helvetica Neue" from Google Fonts (cached to C:\Users\iknow\.cache\hyperframes\fonts\helvetica-neue)
[INFO] [Compiler] Injected deterministic @font-face rules for 3 requested font families
[INFO] [Compiler] Fetched 5 font face(s) for "Helvetica Neue" from Google Fonts (cached to C:\Users\iknow\.cache\hyperframes\fonts\helvetica-neue)
[INFO] [Compiler] Injected deterministic @font-face rules for 3 requested font families
[INFO] [Compiler] Fetched 9 font face(s) for "Google Sans Flex" from Google Fonts (cached to C:\Users\iknow\.cache\hyperframes\fonts\google-sans-flex)
[INFO] [Compiler] Fetched 9 font face(s) for "Google Sans Flex" from Google Fonts (cached to C:\Users\iknow\.cache\hyperframes\fonts\google-sans-flex)
[INFO] [Compiler] Fetched 11 font face(s) for "Inter" from Google Fonts (cached to C:\Users\iknow\.cache\hyperframes\fonts\inter)
[INFO] [Compiler] Fetched 5 font face(s) for "Helvetica Neue" from Google Fonts (cached to C:\Users\iknow\.cache\hyperframes\fonts\helvetica-neue)
[INFO] [Compiler] Injected deterministic @font-face rules for 3 requested font families
[INFO] [Compiler] Fetched 9 font face(s) for "Google Sans Flex" from Google Fonts (cached to C:\Users\iknow\.cache\hyperframes\fonts\google-sans-flex)
[INFO] [Compiler] Fetched 11 font face(s) for "Inter" from Google Fonts (cached to C:\Users\iknow\.cache\hyperframes\fonts\inter)
[INFO] [Compiler] Fetched 11 font face(s) for "Inter" from Google Fonts (cached to C:\Users\iknow\.cache\hyperframes\fonts\inter)
[StaticGuard] Invalid HyperFrame contract: Track 4: clip ending at 22.4s overlaps with clip starting at 19.98s. Overlapping clips on the same track cause rendering conflicts.; Track 4: clip ending at 26.48s overlaps with clip starting at 23.76s. Overlapping clips on the same track cause rendering conflicts.; Track 4: clip ending at 35.260000000000005s overlaps with clip starting at 32.939s. Overlapping clips on the same track cause rendering conflicts.
[StaticGuard] Invalid HyperFrame contract: Track 4: clip ending at 22.4s overlaps with clip starting at 19.98s. Overlapping clips on the same track cause rendering conflicts.; Track 4: clip ending at 26.48s overlaps with clip starting at 23.76s. Overlapping clips on the same track cause rendering conflicts.; Track 4: clip ending at 35.260000000000005s overlaps with clip starting at 32.939s. Overlapping clips on the same track cause rendering conflicts.
[INFO] [Compiler] Fetched 11 font face(s) for "Inter" from Google Fonts (cached to C:\Users\iknow\.cache\hyperframes\fonts\inter)
[INFO] [Compiler] Fetched 5 font face(s) for "Helvetica Neue" from Google Fonts (cached to C:\Users\iknow\.cache\hyperframes\fonts\helvetica-neue)
[INFO] [Compiler] Injected deterministic @font-face rules for 3 requested font families
[INFO] [Compiler] Fetched 5 font face(s) for "Helvetica Neue" from Google Fonts (cached to C:\Users\iknow\.cache\hyperframes\fonts\helvetica-neue)
[INFO] [Compiler] Injected deterministic @font-face rules for 3 requested font families
[INFO] [Compiler] Fetched 5 font face(s) for "Helvetica Neue" from Google Fonts (cached to C:\Users\iknow\.cache\hyperframes\fonts\helvetica-neue)
[INFO] [Compiler] Injected deterministic @font-face rules for 3 requested font families
[INFO] [Compiler] Fetched 5 font face(s) for "Helvetica Neue" from Google Fonts (cached to C:\Users\iknow\.cache\hyperframes\fonts\helvetica-neue)
[INFO] [Compiler] Injected deterministic @font-face rules for 3 requested font families
[INFO] [Compiler] Fetched 9 font face(s) for "Google Sans Flex" from Google Fonts (cached to C:\Users\iknow\.cache\hyperframes\fonts\google-sans-flex)
[INFO] [Compiler] Fetched 9 font face(s) for "Google Sans Flex" from Google Fonts (cached to C:\Users\iknow\.cache\hyperframes\fonts\google-sans-flex)
[StaticGuard] Invalid HyperFrame contract: Track 4: clip ending at 22.4s overlaps with clip starting at 19.98s. Overlapping clips on the same track cause rendering conflicts.; Track 4: clip ending at 26.48s overlaps with clip starting at 23.76s. Overlapping clips on the same track cause rendering conflicts.; Track 4: clip ending at 35.260000000000005s overlaps with clip starting at 32.939s. Overlapping clips on the same track cause rendering conflicts.
[StaticGuard] Invalid HyperFrame contract: Track 4: clip ending at 22.4s overlaps with clip starting at 19.98s. Overlapping clips on the same track cause rendering conflicts.; Track 4: clip ending at 26.48s overlaps with clip starting at 23.76s. Overlapping clips on the same track cause rendering conflicts.; Track 4: clip ending at 35.260000000000005s overlaps with clip starting at 32.939s. Overlapping clips on the same track cause rendering conflicts.
[INFO] [Compiler] Fetched 9 font face(s) for "Google Sans Flex" from Google Fonts (cached to C:\Users\iknow\.cache\hyperframes\fonts\google-sans-flex)
[INFO] [Compiler] Fetched 11 font face(s) for "Inter" from Google Fonts (cached to C:\Users\iknow\.cache\hyperframes\fonts\inter)
[INFO] [Compiler] Fetched 11 font face(s) for "Inter" from Google Fonts (cached to C:\Users\iknow\.cache\hyperframes\fonts\inter)
[INFO] [Compiler] Fetched 9 font face(s) for "Google Sans Flex" from Google Fonts (cached to C:\Users\iknow\.cache\hyperframes\fonts\google-sans-flex)
[INFO] [Compiler] Fetched 11 font face(s) for "Inter" from Google Fonts (cached to C:\Users\iknow\.cache\hyperframes\fonts\inter)
[INFO] [Compiler] Fetched 5 font face(s) for "Helvetica Neue" from Google Fonts (cached to C:\Users\iknow\.cache\hyperframes\fonts\helvetica-neue)
[INFO] [Compiler] Injected deterministic @font-face rules for 3 requested font families
[INFO] [Compiler] Fetched 11 font face(s) for "Inter" from Google Fonts (cached to C:\Users\iknow\.cache\hyperframes\fonts\inter)
[StaticGuard] Invalid HyperFrame contract: Track 4: clip ending at 22.4s overlaps with clip starting at 19.98s. Overlapping clips on the same track cause rendering conflicts.; Track 4: clip ending at 26.48s overlaps with clip starting at 23.76s. Overlapping clips on the same track cause rendering conflicts.; Track 4: clip ending at 35.260000000000005s overlaps with clip starting at 32.939s. Overlapping clips on the same track cause rendering conflicts.
[StaticGuard] Invalid HyperFrame contract: Track 4: clip ending at 22.4s overlaps with clip starting at 19.98s. Overlapping clips on the same track cause rendering conflicts.; Track 4: clip ending at 26.48s overlaps with clip starting at 23.76s. Overlapping clips on the same track cause rendering conflicts.; Track 4: clip ending at 35.260000000000005s overlaps with clip starting at 32.939s. Overlapping clips on the same track cause rendering conflicts.
[INFO] [Compiler] Fetched 5 font face(s) for "Helvetica Neue" from Google Fonts (cached to C:\Users\iknow\.cache\hyperframes\fonts\helvetica-neue)
[INFO] [Compiler] Injected deterministic @font-face rules for 3 requested font families
[INFO] [Compiler] Fetched 5 font face(s) for "Helvetica Neue" from Google Fonts (cached to C:\Users\iknow\.cache\hyperframes\fonts\helvetica-neue)
[INFO] [Compiler] Injected deterministic @font-face rules for 3 requested font families
[INFO] [Compiler] Fetched 5 font face(s) for "Helvetica Neue" from Google Fonts (cached to C:\Users\iknow\.cache\hyperframes\fonts\helvetica-neue)
[INFO] [Compiler] Injected deterministic @font-face rules for 3 requested font families
[INFO] [Compiler] Fetched 9 font face(s) for "Google Sans Flex" from Google Fonts (cached to C:\Users\iknow\.cache\hyperframes\fonts\google-sans-flex)
[INFO] [Compiler] Fetched 9 font face(s) for "Google Sans Flex" from Google Fonts (cached to C:\Users\iknow\.cache\hyperframes\fonts\google-sans-flex)
[StaticGuard] Invalid HyperFrame contract: Track 4: clip ending at 22.4s overlaps with clip starting at 19.98s. Overlapping clips on the same track cause rendering conflicts.; Track 4: clip ending at 26.48s overlaps with clip starting at 23.76s. Overlapping clips on the same track cause rendering conflicts.; Track 4: clip ending at 35.260000000000005s overlaps with clip starting at 32.939s. Overlapping clips on the same track cause rendering conflicts.
[StaticGuard] Invalid HyperFrame contract: Track 4: clip ending at 22.4s overlaps with clip starting at 19.98s. Overlapping clips on the same track cause rendering conflicts.; Track 4: clip ending at 26.48s overlaps with clip starting at 23.76s. Overlapping clips on the same track cause rendering conflicts.; Track 4: clip ending at 35.260000000000005s overlaps with clip starting at 32.939s. Overlapping clips on the same track cause rendering conflicts.
[INFO] [Compiler] Fetched 11 font face(s) for "Inter" from Google Fonts (cached to C:\Users\iknow\.cache\hyperframes\fonts\inter)
[INFO] [Compiler] Fetched 11 font face(s) for "Inter" from Google Fonts (cached to C:\Users\iknow\.cache\hyperframes\fonts\inter)
[INFO] [Compiler] Fetched 9 font face(s) for "Google Sans Flex" from Google Fonts (cached to C:\Users\iknow\.cache\hyperframes\fonts\google-sans-flex)
[INFO] [Compiler] Fetched 9 font face(s) for "Google Sans Flex" from Google Fonts (cached to C:\Users\iknow\.cache\hyperframes\fonts\google-sans-flex)
[INFO] [Compiler] Fetched 5 font face(s) for "Helvetica Neue" from Google Fonts (cached to C:\Users\iknow\.cache\hyperframes\fonts\helvetica-neue)
[INFO] [Compiler] Injected deterministic @font-face rules for 3 requested font families
[INFO] [Compiler] Fetched 11 font face(s) for "Inter" from Google Fonts (cached to C:\Users\iknow\.cache\hyperframes\fonts\inter)
[INFO] [Compiler] Fetched 5 font face(s) for "Helvetica Neue" from Google Fonts (cached to C:\Users\iknow\.cache\hyperframes\fonts\helvetica-neue)
[INFO] [Compiler] Injected deterministic @font-face rules for 3 requested font families
[INFO] [Compiler] Fetched 11 font face(s) for "Inter" from Google Fonts (cached to C:\Users\iknow\.cache\hyperframes\fonts\inter)
[StaticGuard] Invalid HyperFrame contract: Track 4: clip ending at 22.4s overlaps with clip starting at 19.98s. Overlapping clips on the same track cause rendering conflicts.; Track 4: clip ending at 26.48s overlaps with clip starting at 23.76s. Overlapping clips on the same track cause rendering conflicts.; Track 4: clip ending at 35.260000000000005s overlaps with clip starting at 32.939s. Overlapping clips on the same track cause rendering conflicts.
[StaticGuard] Invalid HyperFrame contract: Track 4: clip ending at 22.4s overlaps with clip starting at 19.98s. Overlapping clips on the same track cause rendering conflicts.; Track 4: clip ending at 26.48s overlaps with clip starting at 23.76s. Overlapping clips on the same track cause rendering conflicts.; Track 4: clip ending at 35.260000000000005s overlaps with clip starting at 32.939s. Overlapping clips on the same track cause rendering conflicts.
[INFO] [Compiler] Fetched 5 font face(s) for "Helvetica Neue" from Google Fonts (cached to C:\Users\iknow\.cache\hyperframes\fonts\helvetica-neue)
[INFO] [Compiler] Injected deterministic @font-face rules for 3 requested font families
[INFO] [Compiler] Fetched 5 font face(s) for "Helvetica Neue" from Google Fonts (cached to C:\Users\iknow\.cache\hyperframes\fonts\helvetica-neue)
[INFO] [Compiler] Injected deterministic @font-face rules for 3 requested font families
[INFO] [Compiler] Fetched 9 font face(s) for "Google Sans Flex" from Google Fonts (cached to C:\Users\iknow\.cache\hyperframes\fonts\google-sans-flex)
[INFO] [Compiler] Fetched 9 font face(s) for "Google Sans Flex" from Google Fonts (cached to C:\Users\iknow\.cache\hyperframes\fonts\google-sans-flex)
[INFO] [Compiler] Fetched 11 font face(s) for "Inter" from Google Fonts (cached to C:\Users\iknow\.cache\hyperframes\fonts\inter)
[INFO] [Compiler] Fetched 11 font face(s) for "Inter" from Google Fonts (cached to C:\Users\iknow\.cache\hyperframes\fonts\inter)
[StaticGuard] Invalid HyperFrame contract: Track 4: clip ending at 22.4s overlaps with clip starting at 19.98s. Overlapping clips on the same track cause rendering conflicts.; Track 4: clip ending at 26.48s overlaps with clip starting at 23.76s. Overlapping clips on the same track cause rendering conflicts.; Track 4: clip ending at 35.260000000000005s overlaps with clip starting at 32.939s. Overlapping clips on the same track cause rendering conflicts.
[StaticGuard] Invalid HyperFrame contract: Track 4: clip ending at 22.4s overlaps with clip starting at 19.98s. Overlapping clips on the same track cause rendering conflicts.; Track 4: clip ending at 26.48s overlaps with clip starting at 23.76s. Overlapping clips on the same track cause rendering conflicts.; Track 4: clip ending at 35.260000000000005s overlaps with clip starting at 32.939s. Overlapping clips on the same track cause rendering conflicts.
[INFO] [Compiler] Fetched 5 font face(s) for "Helvetica Neue" from Google Fonts (cached to C:\Users\iknow\.cache\hyperframes\fonts\helvetica-neue)
[INFO] [Compiler] Injected deterministic @font-face rules for 3 requested font families
[INFO] [Compiler] Fetched 5 font face(s) for "Helvetica Neue" from Google Fonts (cached to C:\Users\iknow\.cache\hyperframes\fonts\helvetica-neue)
[INFO] [Compiler] Injected deterministic @font-face rules for 3 requested font families
[INFO] [Compiler] Fetched 9 font face(s) for "Google Sans Flex" from Google Fonts (cached to C:\Users\iknow\.cache\hyperframes\fonts\google-sans-flex)
[INFO] [Compiler] Fetched 9 font face(s) for "Google Sans Flex" from Google Fonts (cached to C:\Users\iknow\.cache\hyperframes\fonts\google-sans-flex)
[INFO] [Compiler] Fetched 11 font face(s) for "Inter" from Google Fonts (cached to C:\Users\iknow\.cache\hyperframes\fonts\inter)
[INFO] [Compiler] Fetched 11 font face(s) for "Inter" from Google Fonts (cached to C:\Users\iknow\.cache\hyperframes\fonts\inter)
[INFO] [Compiler] Fetched 5 font face(s) for "Helvetica Neue" from Google Fonts (cached to C:\Users\iknow\.cache\hyperframes\fonts\helvetica-neue)
[INFO] [Compiler] Injected deterministic @font-face rules for 3 requested font families
[INFO] [Compiler] Fetched 5 font face(s) for "Helvetica Neue" from Google Fonts (cached to C:\Users\iknow\.cache\hyperframes\fonts\helvetica-neue)
[INFO] [Compiler] Injected deterministic @font-face rules for 3 requested font families
[StaticGuard] Invalid HyperFrame contract: Track 4: clip ending at 22.4s overlaps with clip starting at 19.98s. Overlapping clips on the same track cause rendering conflicts.; Track 4: clip ending at 26.48s overlaps with clip starting at 23.76s. Overlapping clips on the same track cause rendering conflicts.; Track 4: clip ending at 35.260000000000005s overlaps with clip starting at 32.939s. Overlapping clips on the same track cause rendering conflicts.
[StaticGuard] Invalid HyperFrame contract: Track 4: clip ending at 22.4s overlaps with clip starting at 19.98s. Overlapping clips on the same track cause rendering conflicts.; Track 4: clip ending at 26.48s overlaps with clip starting at 23.76s. Overlapping clips on the same track cause rendering conflicts.; Track 4: clip ending at 35.260000000000005s overlaps with clip starting at 32.939s. Overlapping clips on the same track cause rendering conflicts.
[INFO] [Compiler] Fetched 9 font face(s) for "Google Sans Flex" from Google Fonts (cached to C:\Users\iknow\.cache\hyperframes\fonts\google-sans-flex)
[INFO] [Compiler] Fetched 9 font face(s) for "Google Sans Flex" from Google Fonts (cached to C:\Users\iknow\.cache\hyperframes\fonts\google-sans-flex)
[INFO] [Compiler] Fetched 11 font face(s) for "Inter" from Google Fonts (cached to C:\Users\iknow\.cache\hyperframes\fonts\inter)
[INFO] [Compiler] Fetched 11 font face(s) for "Inter" from Google Fonts (cached to C:\Users\iknow\.cache\hyperframes\fonts\inter)
[INFO] [Compiler] Fetched 5 font face(s) for "Helvetica Neue" from Google Fonts (cached to C:\Users\iknow\.cache\hyperframes\fonts\helvetica-neue)
[INFO] [Compiler] Injected deterministic @font-face rules for 3 requested font families
[INFO] [Compiler] Fetched 5 font face(s) for "Helvetica Neue" from Google Fonts (cached to C:\Users\iknow\.cache\hyperframes\fonts\helvetica-neue)
[INFO] [Compiler] Injected deterministic @font-face rules for 3 requested font families
[StaticGuard] Invalid HyperFrame contract: Track 4: clip ending at 22.4s overlaps with clip starting at 19.98s. Overlapping clips on the same track cause rendering conflicts.; Track 4: clip ending at 26.48s overlaps with clip starting at 23.76s. Overlapping clips on the same track cause rendering conflicts.; Track 4: clip ending at 35.260000000000005s overlaps with clip starting at 32.939s. Overlapping clips on the same track cause rendering conflicts.
[INFO] [Compiler] Fetched 9 font face(s) for "Google Sans Flex" from Google Fonts (cached to C:\Users\iknow\.cache\hyperframes\fonts\google-sans-flex)
[INFO] [Compiler] Fetched 11 font face(s) for "Inter" from Google Fonts (cached to C:\Users\iknow\.cache\hyperframes\fonts\inter)
[INFO] [Compiler] Fetched 5 font face(s) for "Helvetica Neue" from Google Fonts (cached to C:\Users\iknow\.cache\hyperframes\fonts\helvetica-neue)
[INFO] [Compiler] Injected deterministic @font-face rules for 3 requested font families
[StaticGuard] Invalid HyperFrame contract: Track 4: clip ending at 35.260000000000005s overlaps with clip starting at 32.939s. Overlapping clips on the same track cause rendering conflicts.
[StaticGuard] Invalid HyperFrame contract: Track 4: clip ending at 35.260000000000005s overlaps with clip starting at 32.939s. Overlapping clips on the same track cause rendering conflicts.
[StaticGuard] Invalid HyperFrame contract: Track 4: clip ending at 35.260000000000005s overlaps with clip starting at 32.939s. Overlapping clips on the same track cause rendering conflicts.
[StaticGuard] Invalid HyperFrame contract: Track 4: clip ending at 35.260000000000005s overlaps with clip starting at 32.939s. Overlapping clips on the same track cause rendering conflicts.
[INFO] [Compiler] Fetched 9 font face(s) for "Google Sans Flex" from Google Fonts (cached to C:\Users\iknow\.cache\hyperframes\fonts\google-sans-flex)
[INFO] [Compiler] Fetched 9 font face(s) for "Google Sans Flex" from Google Fonts (cached to C:\Users\iknow\.cache\hyperframes\fonts\google-sans-flex)
[INFO] [Compiler] Fetched 11 font face(s) for "Inter" from Google Fonts (cached to C:\Users\iknow\.cache\hyperframes\fonts\inter)
[INFO] [Compiler] Fetched 11 font face(s) for "Inter" from Google Fonts (cached to C:\Users\iknow\.cache\hyperframes\fonts\inter)
[INFO] [Compiler] Fetched 9 font face(s) for "Google Sans Flex" from Google Fonts (cached to C:\Users\iknow\.cache\hyperframes\fonts\google-sans-flex)
[INFO] [Compiler] Fetched 9 font face(s) for "Google Sans Flex" from Google Fonts (cached to C:\Users\iknow\.cache\hyperframes\fonts\google-sans-flex)
[INFO] [Compiler] Fetched 5 font face(s) for "Helvetica Neue" from Google Fonts (cached to C:\Users\iknow\.cache\hyperframes\fonts\helvetica-neue)
[INFO] [Compiler] Injected deterministic @font-face rules for 3 requested font families
[INFO] [Compiler] Fetched 11 font face(s) for "Inter" from Google Fonts (cached to C:\Users\iknow\.cache\hyperframes\fonts\inter)
[INFO] [Compiler] Fetched 5 font face(s) for "Helvetica Neue" from Google Fonts (cached to C:\Users\iknow\.cache\hyperframes\fonts\helvetica-neue)
[INFO] [Compiler] Injected deterministic @font-face rules for 3 requested font families
[INFO] [Compiler] Fetched 5 font face(s) for "Helvetica Neue" from Google Fonts (cached to C:\Users\iknow\.cache\hyperframes\fonts\helvetica-neue)
[INFO] [Compiler] Injected deterministic @font-face rules for 3 requested font families
[INFO] [Compiler] Fetched 11 font face(s) for "Inter" from Google Fonts (cached to C:\Users\iknow\.cache\hyperframes\fonts\inter)
[INFO] [Compiler] Fetched 5 font face(s) for "Helvetica Neue" from Google Fonts (cached to C:\Users\iknow\.cache\hyperframes\fonts\helvetica-neue)
[INFO] [Compiler] Injected deterministic @font-face rules for 3 requested font families
[INFO] [Compiler] Fetched 9 font face(s) for "Google Sans Flex" from Google Fonts (cached to C:\Users\iknow\.cache\hyperframes\fonts\google-sans-flex)
[INFO] [Compiler] Fetched 11 font face(s) for "Inter" from Google Fonts (cached to C:\Users\iknow\.cache\hyperframes\fonts\inter)
[INFO] [Compiler] Fetched 5 font face(s) for "Helvetica Neue" from Google Fonts (cached to C:\Users\iknow\.cache\hyperframes\fonts\helvetica-neue)
[INFO] [Compiler] Injected deterministic @font-face rules for 3 requested font families
[INFO] [Compiler] Fetched 9 font face(s) for "Google Sans Flex" from Google Fonts (cached to C:\Users\iknow\.cache\hyperframes\fonts\google-sans-flex)
[INFO] [Compiler] Fetched 9 font face(s) for "Google Sans Flex" from Google Fonts (cached to C:\Users\iknow\.cache\hyperframes\fonts\google-sans-flex)
[INFO] [Compiler] Fetched 9 font face(s) for "Google Sans Flex" from Google Fonts (cached to C:\Users\iknow\.cache\hyperframes\fonts\google-sans-flex)
[INFO] [Compiler] Fetched 11 font face(s) for "Inter" from Google Fonts (cached to C:\Users\iknow\.cache\hyperframes\fonts\inter)
[INFO] [Compiler] Fetched 11 font face(s) for "Inter" from Google Fonts (cached to C:\Users\iknow\.cache\hyperframes\fonts\inter)
[INFO] [Compiler] Fetched 11 font face(s) for "Inter" from Google Fonts (cached to C:\Users\iknow\.cache\hyperframes\fonts\inter)
[INFO] [Compiler] Fetched 5 font face(s) for "Helvetica Neue" from Google Fonts (cached to C:\Users\iknow\.cache\hyperframes\fonts\helvetica-neue)
[INFO] [Compiler] Injected deterministic @font-face rules for 3 requested font families
[INFO] [Compiler] Fetched 5 font face(s) for "Helvetica Neue" from Google Fonts (cached to C:\Users\iknow\.cache\hyperframes\fonts\helvetica-neue)
[INFO] [Compiler] Injected deterministic @font-face rules for 3 requested font families
[INFO] [Compiler] Fetched 5 font face(s) for "Helvetica Neue" from Google Fonts (cached to C:\Users\iknow\.cache\hyperframes\fonts\helvetica-neue)
[INFO] [Compiler] Injected deterministic @font-face rules for 3 requested font families
[INFO] [Compiler] Fetched 9 font face(s) for "Google Sans Flex" from Google Fonts (cached to C:\Users\iknow\.cache\hyperframes\fonts\google-sans-flex)
[INFO] [Compiler] Fetched 11 font face(s) for "Inter" from Google Fonts (cached to C:\Users\iknow\.cache\hyperframes\fonts\inter)
[INFO] [Compiler] Fetched 9 font face(s) for "Google Sans Flex" from Google Fonts (cached to C:\Users\iknow\.cache\hyperframes\fonts\google-sans-flex)
[INFO] [Compiler] Fetched 9 font face(s) for "Google Sans Flex" from Google Fonts (cached to C:\Users\iknow\.cache\hyperframes\fonts\google-sans-flex)
[INFO] [Compiler] Fetched 5 font face(s) for "Helvetica Neue" from Google Fonts (cached to C:\Users\iknow\.cache\hyperframes\fonts\helvetica-neue)
[INFO] [Compiler] Injected deterministic @font-face rules for 3 requested font families
[INFO] [Compiler] Fetched 11 font face(s) for "Inter" from Google Fonts (cached to C:\Users\iknow\.cache\hyperframes\fonts\inter)
[INFO] [Compiler] Fetched 11 font face(s) for "Inter" from Google Fonts (cached to C:\Users\iknow\.cache\hyperframes\fonts\inter)
[INFO] [Compiler] Fetched 9 font face(s) for "Google Sans Flex" from Google Fonts (cached to C:\Users\iknow\.cache\hyperframes\fonts\google-sans-flex)
[INFO] [Compiler] Fetched 5 font face(s) for "Helvetica Neue" from Google Fonts (cached to C:\Users\iknow\.cache\hyperframes\fonts\helvetica-neue)
[INFO] [Compiler] Injected deterministic @font-face rules for 3 requested font families
[INFO] [Compiler] Fetched 9 font face(s) for "Google Sans Flex" from Google Fonts (cached to C:\Users\iknow\.cache\hyperframes\fonts\google-sans-flex)
[INFO] [Compiler] Fetched 11 font face(s) for "Inter" from Google Fonts (cached to C:\Users\iknow\.cache\hyperframes\fonts\inter)
[INFO] [Compiler] Fetched 11 font face(s) for "Inter" from Google Fonts (cached to C:\Users\iknow\.cache\hyperframes\fonts\inter)
[INFO] [Compiler] Fetched 5 font face(s) for "Helvetica Neue" from Google Fonts (cached to C:\Users\iknow\.cache\hyperframes\fonts\helvetica-neue)
[INFO] [Compiler] Injected deterministic @font-face rules for 3 requested font families
[INFO] [Compiler] Fetched 9 font face(s) for "Google Sans Flex" from Google Fonts (cached to C:\Users\iknow\.cache\hyperframes\fonts\google-sans-flex)
[INFO] [Compiler] Fetched 9 font face(s) for "Google Sans Flex" from Google Fonts (cached to C:\Users\iknow\.cache\hyperframes\fonts\google-sans-flex)
[INFO] [Compiler] Fetched 11 font face(s) for "Inter" from Google Fonts (cached to C:\Users\iknow\.cache\hyperframes\fonts\inter)
[INFO] [Compiler] Fetched 5 font face(s) for "Helvetica Neue" from Google Fonts (cached to C:\Users\iknow\.cache\hyperframes\fonts\helvetica-neue)
[INFO] [Compiler] Injected deterministic @font-face rules for 3 requested font families
[INFO] [Compiler] Fetched 5 font face(s) for "Helvetica Neue" from Google Fonts (cached to C:\Users\iknow\.cache\hyperframes\fonts\helvetica-neue)
[INFO] [Compiler] Injected deterministic @font-face rules for 3 requested font families
[INFO] [Compiler] Fetched 11 font face(s) for "Inter" from Google Fonts (cached to C:\Users\iknow\.cache\hyperframes\fonts\inter)
[INFO] [Compiler] Fetched 9 font face(s) for "Google Sans Flex" from Google Fonts (cached to C:\Users\iknow\.cache\hyperframes\fonts\google-sans-flex)
[INFO] [Compiler] Fetched 5 font face(s) for "Helvetica Neue" from Google Fonts (cached to C:\Users\iknow\.cache\hyperframes\fonts\helvetica-neue)
[INFO] [Compiler] Injected deterministic @font-face rules for 3 requested font families
[INFO] [Compiler] Fetched 11 font face(s) for "Inter" from Google Fonts (cached to C:\Users\iknow\.cache\hyperframes\fonts\inter)
[INFO] [Compiler] Fetched 5 font face(s) for "Helvetica Neue" from Google Fonts (cached to C:\Users\iknow\.cache\hyperframes\fonts\helvetica-neue)
[INFO] [Compiler] Injected deterministic @font-face rules for 3 requested font families
[INFO] [Compiler] Fetched 9 font face(s) for "Google Sans Flex" from Google Fonts (cached to C:\Users\iknow\.cache\hyperframes\fonts\google-sans-flex)
[INFO] [Compiler] Fetched 5 font face(s) for "Helvetica Neue" from Google Fonts (cached to C:\Users\iknow\.cache\hyperframes\fonts\helvetica-neue)
[INFO] [Compiler] Injected deterministic @font-face rules for 3 requested font families
[INFO] [Compiler] Fetched 11 font face(s) for "Inter" from Google Fonts (cached to C:\Users\iknow\.cache\hyperframes\fonts\inter)
[INFO] [Compiler] Fetched 5 font face(s) for "Helvetica Neue" from Google Fonts (cached to C:\Users\iknow\.cache\hyperframes\fonts\helvetica-neue)
[INFO] [Compiler] Injected deterministic @font-face rules for 3 requested font families
[INFO] [Compiler] Fetched 9 font face(s) for "Google Sans Flex" from Google Fonts (cached to C:\Users\iknow\.cache\hyperframes\fonts\google-sans-flex)
[INFO] [Compiler] Fetched 9 font face(s) for "Google Sans Flex" from Google Fonts (cached to C:\Users\iknow\.cache\hyperframes\fonts\google-sans-flex)
[INFO] [Compiler] Fetched 11 font face(s) for "Inter" from Google Fonts (cached to C:\Users\iknow\.cache\hyperframes\fonts\inter)
[INFO] [Compiler] Fetched 11 font face(s) for "Inter" from Google Fonts (cached to C:\Users\iknow\.cache\hyperframes\fonts\inter)
[INFO] [Compiler] Fetched 9 font face(s) for "Google Sans Flex" from Google Fonts (cached to C:\Users\iknow\.cache\hyperframes\fonts\google-sans-flex)
[INFO] [Compiler] Fetched 9 font face(s) for "Google Sans Flex" from Google Fonts (cached to C:\Users\iknow\.cache\hyperframes\fonts\google-sans-flex)
[INFO] [Compiler] Fetched 11 font face(s) for "Inter" from Google Fonts (cached to C:\Users\iknow\.cache\hyperframes\fonts\inter)
[INFO] [Compiler] Fetched 5 font face(s) for "Helvetica Neue" from Google Fonts (cached to C:\Users\iknow\.cache\hyperframes\fonts\helvetica-neue)
[INFO] [Compiler] Injected deterministic @font-face rules for 3 requested font families
[INFO] [Compiler] Fetched 5 font face(s) for "Helvetica Neue" from Google Fonts (cached to C:\Users\iknow\.cache\hyperframes\fonts\helvetica-neue)
[INFO] [Compiler] Injected deterministic @font-face rules for 3 requested font families
[INFO] [Compiler] Fetched 9 font face(s) for "Google Sans Flex" from Google Fonts (cached to C:\Users\iknow\.cache\hyperframes\fonts\google-sans-flex)
[INFO] [Compiler] Fetched 11 font face(s) for "Inter" from Google Fonts (cached to C:\Users\iknow\.cache\hyperframes\fonts\inter)
[INFO] [Compiler] Fetched 5 font face(s) for "Helvetica Neue" from Google Fonts (cached to C:\Users\iknow\.cache\hyperframes\fonts\helvetica-neue)
[INFO] [Compiler] Injected deterministic @font-face rules for 3 requested font families
[INFO] [Compiler] Fetched 11 font face(s) for "Inter" from Google Fonts (cached to C:\Users\iknow\.cache\hyperframes\fonts\inter)
[INFO] [Compiler] Fetched 9 font face(s) for "Google Sans Flex" from Google Fonts (cached to C:\Users\iknow\.cache\hyperframes\fonts\google-sans-flex)
[INFO] [Compiler] Fetched 9 font face(s) for "Google Sans Flex" from Google Fonts (cached to C:\Users\iknow\.cache\hyperframes\fonts\google-sans-flex)
[INFO] [Compiler] Fetched 11 font face(s) for "Inter" from Google Fonts (cached to C:\Users\iknow\.cache\hyperframes\fonts\inter)
[INFO] [Compiler] Fetched 11 font face(s) for "Inter" from Google Fonts (cached to C:\Users\iknow\.cache\hyperframes\fonts\inter)
[INFO] [Compiler] Fetched 9 font face(s) for "Google Sans Flex" from Google Fonts (cached to C:\Users\iknow\.cache\hyperframes\fonts\google-sans-flex)
[INFO] [Compiler] Fetched 5 font face(s) for "Helvetica Neue" from Google Fonts (cached to C:\Users\iknow\.cache\hyperframes\fonts\helvetica-neue)
[INFO] [Compiler] Injected deterministic @font-face rules for 3 requested font families
[INFO] [Compiler] Fetched 5 font face(s) for "Helvetica Neue" from Google Fonts (cached to C:\Users\iknow\.cache\hyperframes\fonts\helvetica-neue)
[INFO] [Compiler] Injected deterministic @font-face rules for 3 requested font families
[INFO] [Compiler] Fetched 9 font face(s) for "Google Sans Flex" from Google Fonts (cached to C:\Users\iknow\.cache\hyperframes\fonts\google-sans-flex)
[INFO] [Compiler] Fetched 5 font face(s) for "Helvetica Neue" from Google Fonts (cached to C:\Users\iknow\.cache\hyperframes\fonts\helvetica-neue)
[INFO] [Compiler] Injected deterministic @font-face rules for 3 requested font families
[INFO] [Compiler] Fetched 5 font face(s) for "Helvetica Neue" from Google Fonts (cached to C:\Users\iknow\.cache\hyperframes\fonts\helvetica-neue)
[INFO] [Compiler] Injected deterministic @font-face rules for 3 requested font families
[INFO] [Compiler] Fetched 11 font face(s) for "Inter" from Google Fonts (cached to C:\Users\iknow\.cache\hyperframes\fonts\inter)
[INFO] [Compiler] Fetched 11 font face(s) for "Inter" from Google Fonts (cached to C:\Users\iknow\.cache\hyperframes\fonts\inter)
[INFO] [Compiler] Fetched 5 font face(s) for "Helvetica Neue" from Google Fonts (cached to C:\Users\iknow\.cache\hyperframes\fonts\helvetica-neue)
[INFO] [Compiler] Injected deterministic @font-face rules for 3 requested font families
[INFO] [Compiler] Fetched 5 font face(s) for "Helvetica Neue" from Google Fonts (cached to C:\Users\iknow\.cache\hyperframes\fonts\helvetica-neue)
[INFO] [Compiler] Injected deterministic @font-face rules for 3 requested font families
[INFO] [Compiler] Fetched 9 font face(s) for "Google Sans Flex" from Google Fonts (cached to C:\Users\iknow\.cache\hyperframes\fonts\google-sans-flex)
[INFO] [Compiler] Fetched 11 font face(s) for "Inter" from Google Fonts (cached to C:\Users\iknow\.cache\hyperframes\fonts\inter)
[INFO] [Compiler] Fetched 5 font face(s) for "Helvetica Neue" from Google Fonts (cached to C:\Users\iknow\.cache\hyperframes\fonts\helvetica-neue)
[INFO] [Compiler] Injected deterministic @font-face rules for 3 requested font families
[INFO] [Compiler] Fetched 9 font face(s) for "Google Sans Flex" from Google Fonts (cached to C:\Users\iknow\.cache\hyperframes\fonts\google-sans-flex)
[INFO] [Compiler] Fetched 9 font face(s) for "Google Sans Flex" from Google Fonts (cached to C:\Users\iknow\.cache\hyperframes\fonts\google-sans-flex)
[INFO] [Compiler] Fetched 11 font face(s) for "Inter" from Google Fonts (cached to C:\Users\iknow\.cache\hyperframes\fonts\inter)
[INFO] [Compiler] Fetched 11 font face(s) for "Inter" from Google Fonts (cached to C:\Users\iknow\.cache\hyperframes\fonts\inter)
[INFO] [Compiler] Fetched 5 font face(s) for "Helvetica Neue" from Google Fonts (cached to C:\Users\iknow\.cache\hyperframes\fonts\helvetica-neue)
[INFO] [Compiler] Injected deterministic @font-face rules for 3 requested font families
[INFO] [Compiler] Fetched 5 font face(s) for "Helvetica Neue" from Google Fonts (cached to C:\Users\iknow\.cache\hyperframes\fonts\helvetica-neue)
[INFO] [Compiler] Injected deterministic @font-face rules for 3 requested font families
[INFO] [Compiler] Fetched 9 font face(s) for "Google Sans Flex" from Google Fonts (cached to C:\Users\iknow\.cache\hyperframes\fonts\google-sans-flex)
[INFO] [Compiler] Fetched 9 font face(s) for "Google Sans Flex" from Google Fonts (cached to C:\Users\iknow\.cache\hyperframes\fonts\google-sans-flex)
[INFO] [Compiler] Fetched 11 font face(s) for "Inter" from Google Fonts (cached to C:\Users\iknow\.cache\hyperframes\fonts\inter)
[INFO] [Compiler] Fetched 11 font face(s) for "Inter" from Google Fonts (cached to C:\Users\iknow\.cache\hyperframes\fonts\inter)
[INFO] [Compiler] Fetched 5 font face(s) for "Helvetica Neue" from Google Fonts (cached to C:\Users\iknow\.cache\hyperframes\fonts\helvetica-neue)
[INFO] [Compiler] Injected deterministic @font-face rules for 3 requested font families
[INFO] [Compiler] Fetched 5 font face(s) for "Helvetica Neue" from Google Fonts (cached to C:\Users\iknow\.cache\hyperframes\fonts\helvetica-neue)
[INFO] [Compiler] Injected deterministic @font-face rules for 3 requested font families
[INFO] [Compiler] Fetched 9 font face(s) for "Google Sans Flex" from Google Fonts (cached to C:\Users\iknow\.cache\hyperframes\fonts\google-sans-flex)
[INFO] [Compiler] Fetched 9 font face(s) for "Google Sans Flex" from Google Fonts (cached to C:\Users\iknow\.cache\hyperframes\fonts\google-sans-flex)
[INFO] [Compiler] Fetched 11 font face(s) for "Inter" from Google Fonts (cached to C:\Users\iknow\.cache\hyperframes\fonts\inter)
[INFO] [Compiler] Fetched 11 font face(s) for "Inter" from Google Fonts (cached to C:\Users\iknow\.cache\hyperframes\fonts\inter)
[INFO] [Compiler] Fetched 5 font face(s) for "Helvetica Neue" from Google Fonts (cached to C:\Users\iknow\.cache\hyperframes\fonts\helvetica-neue)
[INFO] [Compiler] Injected deterministic @font-face rules for 3 requested font families
[INFO] [Compiler] Fetched 5 font face(s) for "Helvetica Neue" from Google Fonts (cached to C:\Users\iknow\.cache\hyperframes\fonts\helvetica-neue)
[INFO] [Compiler] Injected deterministic @font-face rules for 3 requested font families
[INFO] [Compiler] Fetched 9 font face(s) for "Google Sans Flex" from Google Fonts (cached to C:\Users\iknow\.cache\hyperframes\fonts\google-sans-flex)
[INFO] [Compiler] Fetched 9 font face(s) for "Google Sans Flex" from Google Fonts (cached to C:\Users\iknow\.cache\hyperframes\fonts\google-sans-flex)
[INFO] [Compiler] Fetched 11 font face(s) for "Inter" from Google Fonts (cached to C:\Users\iknow\.cache\hyperframes\fonts\inter)
[INFO] [Compiler] Fetched 11 font face(s) for "Inter" from Google Fonts (cached to C:\Users\iknow\.cache\hyperframes\fonts\inter)
[INFO] [Compiler] Fetched 5 font face(s) for "Helvetica Neue" from Google Fonts (cached to C:\Users\iknow\.cache\hyperframes\fonts\helvetica-neue)
[INFO] [Compiler] Injected deterministic @font-face rules for 3 requested font families
[INFO] [Compiler] Fetched 5 font face(s) for "Helvetica Neue" from Google Fonts (cached to C:\Users\iknow\.cache\hyperframes\fonts\helvetica-neue)
[INFO] [Compiler] Injected deterministic @font-face rules for 3 requested font families
[INFO] [Compiler] Fetched 9 font face(s) for "Google Sans Flex" from Google Fonts (cached to C:\Users\iknow\.cache\hyperframes\fonts\google-sans-flex)
[INFO] [Compiler] Fetched 9 font face(s) for "Google Sans Flex" from Google Fonts (cached to C:\Users\iknow\.cache\hyperframes\fonts\google-sans-flex)
[INFO] [Compiler] Fetched 11 font face(s) for "Inter" from Google Fonts (cached to C:\Users\iknow\.cache\hyperframes\fonts\inter)
[INFO] [Compiler] Fetched 11 font face(s) for "Inter" from Google Fonts (cached to C:\Users\iknow\.cache\hyperframes\fonts\inter)
[INFO] [Compiler] Fetched 5 font face(s) for "Helvetica Neue" from Google Fonts (cached to C:\Users\iknow\.cache\hyperframes\fonts\helvetica-neue)
[INFO] [Compiler] Injected deterministic @font-face rules for 3 requested font families
[INFO] [Compiler] Fetched 5 font face(s) for "Helvetica Neue" from Google Fonts (cached to C:\Users\iknow\.cache\hyperframes\fonts\helvetica-neue)
[INFO] [Compiler] Injected deterministic @font-face rules for 3 requested font families
[INFO] [Compiler] Fetched 9 font face(s) for "Google Sans Flex" from Google Fonts (cached to C:\Users\iknow\.cache\hyperframes\fonts\google-sans-flex)
[INFO] [Compiler] Fetched 11 font face(s) for "Inter" from Google Fonts (cached to C:\Users\iknow\.cache\hyperframes\fonts\inter)
[INFO] [Compiler] Fetched 5 font face(s) for "Helvetica Neue" from Google Fonts (cached to C:\Users\iknow\.cache\hyperframes\fonts\helvetica-neue)
[INFO] [Compiler] Injected deterministic @font-face rules for 3 requested font families
[INFO] [Compiler] Fetched 9 font face(s) for "Google Sans Flex" from Google Fonts (cached to C:\Users\iknow\.cache\hyperframes\fonts\google-sans-flex)
[INFO] [Compiler] Fetched 11 font face(s) for "Inter" from Google Fonts (cached to C:\Users\iknow\.cache\hyperframes\fonts\inter)
[INFO] [Compiler] Fetched 5 font face(s) for "Helvetica Neue" from Google Fonts (cached to C:\Users\iknow\.cache\hyperframes\fonts\helvetica-neue)
[INFO] [Compiler] Injected deterministic @font-face rules for 3 requested font families
[INFO] [Compiler] Fetched 9 font face(s) for "Google Sans Flex" from Google Fonts (cached to C:\Users\iknow\.cache\hyperframes\fonts\google-sans-flex)
[INFO] [Compiler] Fetched 11 font face(s) for "Inter" from Google Fonts (cached to C:\Users\iknow\.cache\hyperframes\fonts\inter)
[INFO] [Compiler] Fetched 5 font face(s) for "Helvetica Neue" from Google Fonts (cached to C:\Users\iknow\.cache\hyperframes\fonts\helvetica-neue)
[INFO] [Compiler] Injected deterministic @font-face rules for 3 requested font families
[INFO] [Compiler] Fetched 9 font face(s) for "Google Sans Flex" from Google Fonts (cached to C:\Users\iknow\.cache\hyperframes\fonts\google-sans-flex)
[INFO] [Compiler] Fetched 11 font face(s) for "Inter" from Google Fonts (cached to C:\Users\iknow\.cache\hyperframes\fonts\inter)
[INFO] [Compiler] Fetched 5 font face(s) for "Helvetica Neue" from Google Fonts (cached to C:\Users\iknow\.cache\hyperframes\fonts\helvetica-neue)
[INFO] [Compiler] Injected deterministic @font-face rules for 3 requested font families
[INFO] [Compiler] Fetched 9 font face(s) for "Google Sans Flex" from Google Fonts (cached to C:\Users\iknow\.cache\hyperframes\fonts\google-sans-flex)
[INFO] [Compiler] Fetched 11 font face(s) for "Inter" from Google Fonts (cached to C:\Users\iknow\.cache\hyperframes\fonts\inter)
[INFO] [Compiler] Fetched 5 font face(s) for "Helvetica Neue" from Google Fonts (cached to C:\Users\iknow\.cache\hyperframes\fonts\helvetica-neue)
[INFO] [Compiler] Injected deterministic @font-face rules for 3 requested font families
[INFO] [Compiler] Fetched 9 font face(s) for "Google Sans Flex" from Google Fonts (cached to C:\Users\iknow\.cache\hyperframes\fonts\google-sans-flex)
[INFO] [Compiler] Fetched 11 font face(s) for "Inter" from Google Fonts (cached to C:\Users\iknow\.cache\hyperframes\fonts\inter)
[INFO] [Compiler] Fetched 5 font face(s) for "Helvetica Neue" from Google Fonts (cached to C:\Users\iknow\.cache\hyperframes\fonts\helvetica-neue)
[INFO] [Compiler] Injected deterministic @font-face rules for 3 requested font families
[INFO] [Compiler] Fetched 9 font face(s) for "Google Sans Flex" from Google Fonts (cached to C:\Users\iknow\.cache\hyperframes\fonts\google-sans-flex)
[INFO] [Compiler] Fetched 11 font face(s) for "Inter" from Google Fonts (cached to C:\Users\iknow\.cache\hyperframes\fonts\inter)
[INFO] [Compiler] Fetched 5 font face(s) for "Helvetica Neue" from Google Fonts (cached to C:\Users\iknow\.cache\hyperframes\fonts\helvetica-neue)
[INFO] [Compiler] Injected deterministic @font-face rules for 3 requested font families
[INFO] [Compiler] Fetched 9 font face(s) for "Google Sans Flex" from Google Fonts (cached to C:\Users\iknow\.cache\hyperframes\fonts\google-sans-flex)
[INFO] [Compiler] Fetched 11 font face(s) for "Inter" from Google Fonts (cached to C:\Users\iknow\.cache\hyperframes\fonts\inter)
[INFO] [Compiler] Fetched 5 font face(s) for "Helvetica Neue" from Google Fonts (cached to C:\Users\iknow\.cache\hyperframes\fonts\helvetica-neue)
[INFO] [Compiler] Injected deterministic @font-face rules for 3 requested font families
[INFO] [Compiler] Fetched 9 font face(s) for "Google Sans Flex" from Google Fonts (cached to C:\Users\iknow\.cache\hyperframes\fonts\google-sans-flex)
[INFO] [Compiler] Fetched 11 font face(s) for "Inter" from Google Fonts (cached to C:\Users\iknow\.cache\hyperframes\fonts\inter)
[INFO] [Compiler] Fetched 5 font face(s) for "Helvetica Neue" from Google Fonts (cached to C:\Users\iknow\.cache\hyperframes\fonts\helvetica-neue)
[INFO] [Compiler] Injected deterministic @font-face rules for 3 requested font families
[INFO] [Compiler] Fetched 9 font face(s) for "Google Sans Flex" from Google Fonts (cached to C:\Users\iknow\.cache\hyperframes\fonts\google-sans-flex)
[INFO] [Compiler] Fetched 11 font face(s) for "Inter" from Google Fonts (cached to C:\Users\iknow\.cache\hyperframes\fonts\inter)
[INFO] [Compiler] Fetched 5 font face(s) for "Helvetica Neue" from Google Fonts (cached to C:\Users\iknow\.cache\hyperframes\fonts\helvetica-neue)
[INFO] [Compiler] Injected deterministic @font-face rules for 3 requested font families
[INFO] [Compiler] Fetched 9 font face(s) for "Google Sans Flex" from Google Fonts (cached to C:\Users\iknow\.cache\hyperframes\fonts\google-sans-flex)
[INFO] [Compiler] Fetched 11 font face(s) for "Inter" from Google Fonts (cached to C:\Users\iknow\.cache\hyperframes\fonts\inter)
[INFO] [Compiler] Fetched 5 font face(s) for "Helvetica Neue" from Google Fonts (cached to C:\Users\iknow\.cache\hyperframes\fonts\helvetica-neue)
[INFO] [Compiler] Injected deterministic @font-face rules for 3 requested font families
[INFO] [Compiler] Fetched 9 font face(s) for "Google Sans Flex" from Google Fonts (cached to C:\Users\iknow\.cache\hyperframes\fonts\google-sans-flex)
[INFO] [Compiler] Fetched 11 font face(s) for "Inter" from Google Fonts (cached to C:\Users\iknow\.cache\hyperframes\fonts\inter)
[INFO] [Compiler] Fetched 5 font face(s) for "Helvetica Neue" from Google Fonts (cached to C:\Users\iknow\.cache\hyperframes\fonts\helvetica-neue)
[INFO] [Compiler] Injected deterministic @font-face rules for 3 requested font families
[INFO] [Compiler] Fetched 9 font face(s) for "Google Sans Flex" from Google Fonts (cached to C:\Users\iknow\.cache\hyperframes\fonts\google-sans-flex)
[INFO] [Compiler] Fetched 11 font face(s) for "Inter" from Google Fonts (cached to C:\Users\iknow\.cache\hyperframes\fonts\inter)
[INFO] [Compiler] Fetched 5 font face(s) for "Helvetica Neue" from Google Fonts (cached to C:\Users\iknow\.cache\hyperframes\fonts\helvetica-neue)
[INFO] [Compiler] Injected deterministic @font-face rules for 3 requested font families
[INFO] [Compiler] Fetched 9 font face(s) for "Google Sans Flex" from Google Fonts (cached to C:\Users\iknow\.cache\hyperframes\fonts\google-sans-flex)
[INFO] [Compiler] Fetched 11 font face(s) for "Inter" from Google Fonts (cached to C:\Users\iknow\.cache\hyperframes\fonts\inter)
[INFO] [Compiler] Fetched 5 font face(s) for "Helvetica Neue" from Google Fonts (cached to C:\Users\iknow\.cache\hyperframes\fonts\helvetica-neue)
[INFO] [Compiler] Injected deterministic @font-face rules for 3 requested font families
[INFO] [Compiler] Fetched 9 font face(s) for "Google Sans Flex" from Google Fonts (cached to C:\Users\iknow\.cache\hyperframes\fonts\google-sans-flex)
[INFO] [Compiler] Fetched 11 font face(s) for "Inter" from Google Fonts (cached to C:\Users\iknow\.cache\hyperframes\fonts\inter)
[INFO] [Compiler] Fetched 5 font face(s) for "Helvetica Neue" from Google Fonts (cached to C:\Users\iknow\.cache\hyperframes\fonts\helvetica-neue)
[INFO] [Compiler] Injected deterministic @font-face rules for 3 requested font families
[INFO] [Compiler] Fetched 9 font face(s) for "Google Sans Flex" from Google Fonts (cached to C:\Users\iknow\.cache\hyperframes\fonts\google-sans-flex)
[INFO] [Compiler] Fetched 11 font face(s) for "Inter" from Google Fonts (cached to C:\Users\iknow\.cache\hyperframes\fonts\inter)
[INFO] [Compiler] Fetched 5 font face(s) for "Helvetica Neue" from Google Fonts (cached to C:\Users\iknow\.cache\hyperframes\fonts\helvetica-neue)
[INFO] [Compiler] Injected deterministic @font-face rules for 3 requested font families
[INFO] [Compiler] Fetched 9 font face(s) for "Google Sans Flex" from Google Fonts (cached to C:\Users\iknow\.cache\hyperframes\fonts\google-sans-flex)
[INFO] [Compiler] Fetched 11 font face(s) for "Inter" from Google Fonts (cached to C:\Users\iknow\.cache\hyperframes\fonts\inter)
[INFO] [Compiler] Fetched 5 font face(s) for "Helvetica Neue" from Google Fonts (cached to C:\Users\iknow\.cache\hyperframes\fonts\helvetica-neue)
[INFO] [Compiler] Injected deterministic @font-face rules for 3 requested font families
[INFO] [Compiler] Fetched 9 font face(s) for "Google Sans Flex" from Google Fonts (cached to C:\Users\iknow\.cache\hyperframes\fonts\google-sans-flex)
[INFO] [Compiler] Fetched 11 font face(s) for "Inter" from Google Fonts (cached to C:\Users\iknow\.cache\hyperframes\fonts\inter)
[INFO] [Compiler] Fetched 5 font face(s) for "Helvetica Neue" from Google Fonts (cached to C:\Users\iknow\.cache\hyperframes\fonts\helvetica-neue)
[INFO] [Compiler] Injected deterministic @font-face rules for 3 requested font families
[INFO] [Compiler] Fetched 9 font face(s) for "Google Sans Flex" from Google Fonts (cached to C:\Users\iknow\.cache\hyperframes\fonts\google-sans-flex)
[INFO] [Compiler] Fetched 11 font face(s) for "Inter" from Google Fonts (cached to C:\Users\iknow\.cache\hyperframes\fonts\inter)
[INFO] [Compiler] Fetched 5 font face(s) for "Helvetica Neue" from Google Fonts (cached to C:\Users\iknow\.cache\hyperframes\fonts\helvetica-neue)
[INFO] [Compiler] Injected deterministic @font-face rules for 3 requested font families
[INFO] [Compiler] Fetched 9 font face(s) for "Google Sans Flex" from Google Fonts (cached to C:\Users\iknow\.cache\hyperframes\fonts\google-sans-flex)
[INFO] [Compiler] Fetched 11 font face(s) for "Inter" from Google Fonts (cached to C:\Users\iknow\.cache\hyperframes\fonts\inter)
[INFO] [Compiler] Fetched 5 font face(s) for "Helvetica Neue" from Google Fonts (cached to C:\Users\iknow\.cache\hyperframes\fonts\helvetica-neue)
[INFO] [Compiler] Injected deterministic @font-face rules for 3 requested font families
[INFO] [Compiler] Fetched 9 font face(s) for "Google Sans Flex" from Google Fonts (cached to C:\Users\iknow\.cache\hyperframes\fonts\google-sans-flex)
[INFO] [Compiler] Fetched 11 font face(s) for "Inter" from Google Fonts (cached to C:\Users\iknow\.cache\hyperframes\fonts\inter)
[INFO] [Compiler] Fetched 5 font face(s) for "Helvetica Neue" from Google Fonts (cached to C:\Users\iknow\.cache\hyperframes\fonts\helvetica-neue)
[INFO] [Compiler] Injected deterministic @font-face rules for 3 requested font families
[INFO] [Compiler] Fetched 9 font face(s) for "Google Sans Flex" from Google Fonts (cached to C:\Users\iknow\.cache\hyperframes\fonts\google-sans-flex)
[INFO] [Compiler] Fetched 11 font face(s) for "Inter" from Google Fonts (cached to C:\Users\iknow\.cache\hyperframes\fonts\inter)
[INFO] [Compiler] Fetched 5 font face(s) for "Helvetica Neue" from Google Fonts (cached to C:\Users\iknow\.cache\hyperframes\fonts\helvetica-neue)
[INFO] [Compiler] Injected deterministic @font-face rules for 3 requested font families
[INFO] [Compiler] Fetched 9 font face(s) for "Google Sans Flex" from Google Fonts (cached to C:\Users\iknow\.cache\hyperframes\fonts\google-sans-flex)
[INFO] [Compiler] Fetched 11 font face(s) for "Inter" from Google Fonts (cached to C:\Users\iknow\.cache\hyperframes\fonts\inter)
[INFO] [Compiler] Fetched 5 font face(s) for "Helvetica Neue" from Google Fonts (cached to C:\Users\iknow\.cache\hyperframes\fonts\helvetica-neue)
[INFO] [Compiler] Injected deterministic @font-face rules for 3 requested font families
[INFO] [Compiler] Fetched 9 font face(s) for "Google Sans Flex" from Google Fonts (cached to C:\Users\iknow\.cache\hyperframes\fonts\google-sans-flex)
[INFO] [Compiler] Fetched 11 font face(s) for "Inter" from Google Fonts (cached to C:\Users\iknow\.cache\hyperframes\fonts\inter)
[INFO] [Compiler] Fetched 5 font face(s) for "Helvetica Neue" from Google Fonts (cached to C:\Users\iknow\.cache\hyperframes\fonts\helvetica-neue)
[INFO] [Compiler] Injected deterministic @font-face rules for 3 requested font families
