
  ⚠ duplicate_media_discovery_risk: Detected 2 matching img entries with the same source/start/duration.
    Fix: Avoid duplicated media nodes that can be discovered twice during compilation.
  ⚠ timeline_track_too_dense: Track 4 has 4 timed elements in this HTML file. Smaller sub-compositions keep timelines easier to read, iterate on, and diff.
    Fix: Move coherent scene groups into separate .html files under compositions/ and mount them from the parent with data-composition-src so the timeline stays easier to inspect, revise, and validate.
  ⚠ google_fonts_import: Composition loads fonts from fonts.googleapis.com. The producer resolves Google Fonts during compile/render, but raw external font requests add latency and can fail before canonicalization. Prefer mapped family names or local @font-face declarations when possible.
    Fix: For bundled fonts, remove the Google Fonts <link> or @import and keep the font-family declaration. For custom fonts, use @font-face { font-family: '...'; src: url('...woff2'); }.

┌  hyperframes preview
[?25l│
◇  Studio running
[?25h
  Port 3002 is in use, using 3003 instead


  Project   ques22
  Studio    http://localhost:3003

  Edit with your AI agent — it has HyperFrames skills installed.
  Changes reload automatically in the studio.

  Press Ctrl+C to stop

[INFO] [Compiler] Fetched 90 font face(s) for "Google Sans Flex" from Google Fonts (cached to C:\Users\iknow\.cache\hyperframes\fonts\google-sans-flex)
[INFO] [Compiler] Fetched 77 font face(s) for "Inter" from Google Fonts (cached to C:\Users\iknow\.cache\hyperframes\fonts\inter)
[INFO] [Compiler] Fetched 90 font face(s) for "Google Sans Flex" from Google Fonts (cached to C:\Users\iknow\.cache\hyperframes\fonts\google-sans-flex)
[INFO] [Compiler] Fetched 20 font face(s) for "Helvetica Neue" from Google Fonts (cached to C:\Users\iknow\.cache\hyperframes\fonts\helvetica-neue)
[INFO] [Compiler] Injected deterministic @font-face rules for 3 requested font families
[INFO] [Compiler] Fetched 77 font face(s) for "Inter" from Google Fonts (cached to C:\Users\iknow\.cache\hyperframes\fonts\inter)
[INFO] [Compiler] Fetched 20 font face(s) for "Helvetica Neue" from Google Fonts (cached to C:\Users\iknow\.cache\hyperframes\fonts\helvetica-neue)
[INFO] [Compiler] Injected deterministic @font-face rules for 3 requested font families
[BrowserManager] Browser launched (HeadlessChrome/152.0.7928.2, screenshot, gl=--use-gl=angle --use-angle=swiftshader, headlessShell=true, platform=win32)
[INFO] [Compiler] Fetched 90 font face(s) for "Google Sans Flex" from Google Fonts (cached to C:\Users\iknow\.cache\hyperframes\fonts\google-sans-flex)
[INFO] [Compiler] Fetched 77 font face(s) for "Inter" from Google Fonts (cached to C:\Users\iknow\.cache\hyperframes\fonts\inter)
[INFO] [Compiler] Fetched 20 font face(s) for "Helvetica Neue" from Google Fonts (cached to C:\Users\iknow\.cache\hyperframes\fonts\helvetica-neue)
[INFO] [Compiler] Injected deterministic @font-face rules for 3 requested font families
[INFO] [Compiler] Fetched 90 font face(s) for "Google Sans Flex" from Google Fonts (cached to C:\Users\iknow\.cache\hyperframes\fonts\google-sans-flex)
[INFO] [Compiler] Fetched 77 font face(s) for "Inter" from Google Fonts (cached to C:\Users\iknow\.cache\hyperframes\fonts\inter)
[INFO] [Compiler] Fetched 90 font face(s) for "Google Sans Flex" from Google Fonts (cached to C:\Users\iknow\.cache\hyperframes\fonts\google-sans-flex)
[INFO] [Compiler] Fetched 20 font face(s) for "Helvetica Neue" from Google Fonts (cached to C:\Users\iknow\.cache\hyperframes\fonts\helvetica-neue)
[INFO] [Compiler] Injected deterministic @font-face rules for 3 requested font families
[INFO] [Compiler] Fetched 90 font face(s) for "Google Sans Flex" from Google Fonts (cached to C:\Users\iknow\.cache\hyperframes\fonts\google-sans-flex)
[INFO] [Compiler] Fetched 77 font face(s) for "Inter" from Google Fonts (cached to C:\Users\iknow\.cache\hyperframes\fonts\inter)
[INFO] [Compiler] Fetched 90 font face(s) for "Google Sans Flex" from Google Fonts (cached to C:\Users\iknow\.cache\hyperframes\fonts\google-sans-flex)
[INFO] [Compiler] Fetched 77 font face(s) for "Inter" from Google Fonts (cached to C:\Users\iknow\.cache\hyperframes\fonts\inter)
[INFO] [Compiler] Fetched 20 font face(s) for "Helvetica Neue" from Google Fonts (cached to C:\Users\iknow\.cache\hyperframes\fonts\helvetica-neue)
[INFO] [Compiler] Injected deterministic @font-face rules for 3 requested font families
[INFO] [Compiler] Fetched 77 font face(s) for "Inter" from Google Fonts (cached to C:\Users\iknow\.cache\hyperframes\fonts\inter)
[INFO] [Compiler] Fetched 90 font face(s) for "Google Sans Flex" from Google Fonts (cached to C:\Users\iknow\.cache\hyperframes\fonts\google-sans-flex)
[INFO] [Compiler] Fetched 20 font face(s) for "Helvetica Neue" from Google Fonts (cached to C:\Users\iknow\.cache\hyperframes\fonts\helvetica-neue)
[INFO] [Compiler] Injected deterministic @font-face rules for 3 requested font families
[INFO] [Compiler] Fetched 20 font face(s) for "Helvetica Neue" from Google Fonts (cached to C:\Users\iknow\.cache\hyperframes\fonts\helvetica-neue)
[INFO] [Compiler] Injected deterministic @font-face rules for 3 requested font families
[INFO] [Compiler] Fetched 90 font face(s) for "Google Sans Flex" from Google Fonts (cached to C:\Users\iknow\.cache\hyperframes\fonts\google-sans-flex)
[INFO] [Compiler] Fetched 90 font face(s) for "Google Sans Flex" from Google Fonts (cached to C:\Users\iknow\.cache\hyperframes\fonts\google-sans-flex)
[INFO] [Compiler] Fetched 77 font face(s) for "Inter" from Google Fonts (cached to C:\Users\iknow\.cache\hyperframes\fonts\inter)
[INFO] [Compiler] Fetched 90 font face(s) for "Google Sans Flex" from Google Fonts (cached to C:\Users\iknow\.cache\hyperframes\fonts\google-sans-flex)
[INFO] [Compiler] Fetched 90 font face(s) for "Google Sans Flex" from Google Fonts (cached to C:\Users\iknow\.cache\hyperframes\fonts\google-sans-flex)
[INFO] [Compiler] Fetched 77 font face(s) for "Inter" from Google Fonts (cached to C:\Users\iknow\.cache\hyperframes\fonts\inter)
[INFO] [Compiler] Fetched 77 font face(s) for "Inter" from Google Fonts (cached to C:\Users\iknow\.cache\hyperframes\fonts\inter)
[INFO] [Compiler] Fetched 90 font face(s) for "Google Sans Flex" from Google Fonts (cached to C:\Users\iknow\.cache\hyperframes\fonts\google-sans-flex)
[INFO] [Compiler] Fetched 77 font face(s) for "Inter" from Google Fonts (cached to C:\Users\iknow\.cache\hyperframes\fonts\inter)
[INFO] [Compiler] Fetched 90 font face(s) for "Google Sans Flex" from Google Fonts (cached to C:\Users\iknow\.cache\hyperframes\fonts\google-sans-flex)
[INFO] [Compiler] Fetched 20 font face(s) for "Helvetica Neue" from Google Fonts (cached to C:\Users\iknow\.cache\hyperframes\fonts\helvetica-neue)
[INFO] [Compiler] Injected deterministic @font-face rules for 3 requested font families
[INFO] [Compiler] Fetched 20 font face(s) for "Helvetica Neue" from Google Fonts (cached to C:\Users\iknow\.cache\hyperframes\fonts\helvetica-neue)
[INFO] [Compiler] Injected deterministic @font-face rules for 3 requested font families
[INFO] [Compiler] Fetched 77 font face(s) for "Inter" from Google Fonts (cached to C:\Users\iknow\.cache\hyperframes\fonts\inter)
[INFO] [Compiler] Fetched 20 font face(s) for "Helvetica Neue" from Google Fonts (cached to C:\Users\iknow\.cache\hyperframes\fonts\helvetica-neue)
[INFO] [Compiler] Injected deterministic @font-face rules for 3 requested font families
[INFO] [Compiler] Fetched 20 font face(s) for "Helvetica Neue" from Google Fonts (cached to C:\Users\iknow\.cache\hyperframes\fonts\helvetica-neue)
[INFO] [Compiler] Injected deterministic @font-face rules for 3 requested font families
[INFO] [Compiler] Fetched 77 font face(s) for "Inter" from Google Fonts (cached to C:\Users\iknow\.cache\hyperframes\fonts\inter)
[INFO] [Compiler] Fetched 77 font face(s) for "Inter" from Google Fonts (cached to C:\Users\iknow\.cache\hyperframes\fonts\inter)
[INFO] [Compiler] Fetched 20 font face(s) for "Helvetica Neue" from Google Fonts (cached to C:\Users\iknow\.cache\hyperframes\fonts\helvetica-neue)
[INFO] [Compiler] Injected deterministic @font-face rules for 3 requested font families
[INFO] [Compiler] Fetched 20 font face(s) for "Helvetica Neue" from Google Fonts (cached to C:\Users\iknow\.cache\hyperframes\fonts\helvetica-neue)
[INFO] [Compiler] Injected deterministic @font-face rules for 3 requested font families
[INFO] [Compiler] Fetched 20 font face(s) for "Helvetica Neue" from Google Fonts (cached to C:\Users\iknow\.cache\hyperframes\fonts\helvetica-neue)
[INFO] [Compiler] Injected deterministic @font-face rules for 3 requested font families
[INFO] [Compiler] Fetched 90 font face(s) for "Google Sans Flex" from Google Fonts (cached to C:\Users\iknow\.cache\hyperframes\fonts\google-sans-flex)
[INFO] [Compiler] Fetched 77 font face(s) for "Inter" from Google Fonts (cached to C:\Users\iknow\.cache\hyperframes\fonts\inter)
[INFO] [Compiler] Fetched 90 font face(s) for "Google Sans Flex" from Google Fonts (cached to C:\Users\iknow\.cache\hyperframes\fonts\google-sans-flex)
[INFO] [Compiler] Fetched 20 font face(s) for "Helvetica Neue" from Google Fonts (cached to C:\Users\iknow\.cache\hyperframes\fonts\helvetica-neue)
[INFO] [Compiler] Injected deterministic @font-face rules for 3 requested font families
[INFO] [Compiler] Fetched 77 font face(s) for "Inter" from Google Fonts (cached to C:\Users\iknow\.cache\hyperframes\fonts\inter)
[INFO] [Compiler] Fetched 90 font face(s) for "Google Sans Flex" from Google Fonts (cached to C:\Users\iknow\.cache\hyperframes\fonts\google-sans-flex)
[INFO] [Compiler] Fetched 20 font face(s) for "Helvetica Neue" from Google Fonts (cached to C:\Users\iknow\.cache\hyperframes\fonts\helvetica-neue)
[INFO] [Compiler] Injected deterministic @font-face rules for 3 requested font families
[INFO] [Compiler] Fetched 77 font face(s) for "Inter" from Google Fonts (cached to C:\Users\iknow\.cache\hyperframes\fonts\inter)
[INFO] [Compiler] Fetched 90 font face(s) for "Google Sans Flex" from Google Fonts (cached to C:\Users\iknow\.cache\hyperframes\fonts\google-sans-flex)
[INFO] [Compiler] Fetched 20 font face(s) for "Helvetica Neue" from Google Fonts (cached to C:\Users\iknow\.cache\hyperframes\fonts\helvetica-neue)
[INFO] [Compiler] Injected deterministic @font-face rules for 3 requested font families
[INFO] [Compiler] Fetched 90 font face(s) for "Google Sans Flex" from Google Fonts (cached to C:\Users\iknow\.cache\hyperframes\fonts\google-sans-flex)
[INFO] [Compiler] Fetched 90 font face(s) for "Google Sans Flex" from Google Fonts (cached to C:\Users\iknow\.cache\hyperframes\fonts\google-sans-flex)
[INFO] [Compiler] Fetched 77 font face(s) for "Inter" from Google Fonts (cached to C:\Users\iknow\.cache\hyperframes\fonts\inter)
[INFO] [Compiler] Fetched 77 font face(s) for "Inter" from Google Fonts (cached to C:\Users\iknow\.cache\hyperframes\fonts\inter)
[INFO] [Compiler] Fetched 90 font face(s) for "Google Sans Flex" from Google Fonts (cached to C:\Users\iknow\.cache\hyperframes\fonts\google-sans-flex)
[INFO] [Compiler] Fetched 77 font face(s) for "Inter" from Google Fonts (cached to C:\Users\iknow\.cache\hyperframes\fonts\inter)
[INFO] [Compiler] Fetched 77 font face(s) for "Inter" from Google Fonts (cached to C:\Users\iknow\.cache\hyperframes\fonts\inter)
[INFO] [Compiler] Fetched 20 font face(s) for "Helvetica Neue" from Google Fonts (cached to C:\Users\iknow\.cache\hyperframes\fonts\helvetica-neue)
[INFO] [Compiler] Injected deterministic @font-face rules for 3 requested font families
[INFO] [Compiler] Fetched 20 font face(s) for "Helvetica Neue" from Google Fonts (cached to C:\Users\iknow\.cache\hyperframes\fonts\helvetica-neue)
[INFO] [Compiler] Injected deterministic @font-face rules for 3 requested font families
[INFO] [Compiler] Fetched 20 font face(s) for "Helvetica Neue" from Google Fonts (cached to C:\Users\iknow\.cache\hyperframes\fonts\helvetica-neue)
[INFO] [Compiler] Injected deterministic @font-face rules for 3 requested font families
[INFO] [Compiler] Fetched 90 font face(s) for "Google Sans Flex" from Google Fonts (cached to C:\Users\iknow\.cache\hyperframes\fonts\google-sans-flex)
[INFO] [Compiler] Fetched 20 font face(s) for "Helvetica Neue" from Google Fonts (cached to C:\Users\iknow\.cache\hyperframes\fonts\helvetica-neue)
[INFO] [Compiler] Injected deterministic @font-face rules for 3 requested font families
[INFO] [Compiler] Fetched 90 font face(s) for "Google Sans Flex" from Google Fonts (cached to C:\Users\iknow\.cache\hyperframes\fonts\google-sans-flex)
[INFO] [Compiler] Fetched 90 font face(s) for "Google Sans Flex" from Google Fonts (cached to C:\Users\iknow\.cache\hyperframes\fonts\google-sans-flex)
[INFO] [Compiler] Fetched 90 font face(s) for "Google Sans Flex" from Google Fonts (cached to C:\Users\iknow\.cache\hyperframes\fonts\google-sans-flex)
[INFO] [Compiler] Fetched 77 font face(s) for "Inter" from Google Fonts (cached to C:\Users\iknow\.cache\hyperframes\fonts\inter)
[INFO] [Compiler] Fetched 77 font face(s) for "Inter" from Google Fonts (cached to C:\Users\iknow\.cache\hyperframes\fonts\inter)
[INFO] [Compiler] Fetched 77 font face(s) for "Inter" from Google Fonts (cached to C:\Users\iknow\.cache\hyperframes\fonts\inter)
[INFO] [Compiler] Fetched 20 font face(s) for "Helvetica Neue" from Google Fonts (cached to C:\Users\iknow\.cache\hyperframes\fonts\helvetica-neue)
[INFO] [Compiler] Injected deterministic @font-face rules for 3 requested font families
[INFO] [Compiler] Fetched 20 font face(s) for "Helvetica Neue" from Google Fonts (cached to C:\Users\iknow\.cache\hyperframes\fonts\helvetica-neue)
[INFO] [Compiler] Injected deterministic @font-face rules for 3 requested font families
[INFO] [Compiler] Fetched 77 font face(s) for "Inter" from Google Fonts (cached to C:\Users\iknow\.cache\hyperframes\fonts\inter)
[INFO] [Compiler] Fetched 20 font face(s) for "Helvetica Neue" from Google Fonts (cached to C:\Users\iknow\.cache\hyperframes\fonts\helvetica-neue)
[INFO] [Compiler] Injected deterministic @font-face rules for 3 requested font families
[INFO] [Compiler] Fetched 20 font face(s) for "Helvetica Neue" from Google Fonts (cached to C:\Users\iknow\.cache\hyperframes\fonts\helvetica-neue)
[INFO] [Compiler] Injected deterministic @font-face rules for 3 requested font families
[INFO] [Compiler] Fetched 90 font face(s) for "Google Sans Flex" from Google Fonts (cached to C:\Users\iknow\.cache\hyperframes\fonts\google-sans-flex)
[INFO] [Compiler] Fetched 77 font face(s) for "Inter" from Google Fonts (cached to C:\Users\iknow\.cache\hyperframes\fonts\inter)
[INFO] [Compiler] Fetched 90 font face(s) for "Google Sans Flex" from Google Fonts (cached to C:\Users\iknow\.cache\hyperframes\fonts\google-sans-flex)
[INFO] [Compiler] Fetched 20 font face(s) for "Helvetica Neue" from Google Fonts (cached to C:\Users\iknow\.cache\hyperframes\fonts\helvetica-neue)
[INFO] [Compiler] Injected deterministic @font-face rules for 3 requested font families
[INFO] [Compiler] Fetched 77 font face(s) for "Inter" from Google Fonts (cached to C:\Users\iknow\.cache\hyperframes\fonts\inter)
[INFO] [Compiler] Fetched 90 font face(s) for "Google Sans Flex" from Google Fonts (cached to C:\Users\iknow\.cache\hyperframes\fonts\google-sans-flex)
[INFO] [Compiler] Fetched 20 font face(s) for "Helvetica Neue" from Google Fonts (cached to C:\Users\iknow\.cache\hyperframes\fonts\helvetica-neue)
[INFO] [Compiler] Injected deterministic @font-face rules for 3 requested font families
[INFO] [Compiler] Fetched 77 font face(s) for "Inter" from Google Fonts (cached to C:\Users\iknow\.cache\hyperframes\fonts\inter)
[INFO] [Compiler] Fetched 90 font face(s) for "Google Sans Flex" from Google Fonts (cached to C:\Users\iknow\.cache\hyperframes\fonts\google-sans-flex)
[INFO] [Compiler] Fetched 20 font face(s) for "Helvetica Neue" from Google Fonts (cached to C:\Users\iknow\.cache\hyperframes\fonts\helvetica-neue)
[INFO] [Compiler] Injected deterministic @font-face rules for 3 requested font families
[INFO] [Compiler] Fetched 77 font face(s) for "Inter" from Google Fonts (cached to C:\Users\iknow\.cache\hyperframes\fonts\inter)
[INFO] [Compiler] Fetched 90 font face(s) for "Google Sans Flex" from Google Fonts (cached to C:\Users\iknow\.cache\hyperframes\fonts\google-sans-flex)
[INFO] [Compiler] Fetched 20 font face(s) for "Helvetica Neue" from Google Fonts (cached to C:\Users\iknow\.cache\hyperframes\fonts\helvetica-neue)
[INFO] [Compiler] Injected deterministic @font-face rules for 3 requested font families
[INFO] [Compiler] Fetched 77 font face(s) for "Inter" from Google Fonts (cached to C:\Users\iknow\.cache\hyperframes\fonts\inter)
[INFO] [Compiler] Fetched 90 font face(s) for "Google Sans Flex" from Google Fonts (cached to C:\Users\iknow\.cache\hyperframes\fonts\google-sans-flex)
[INFO] [Compiler] Fetched 20 font face(s) for "Helvetica Neue" from Google Fonts (cached to C:\Users\iknow\.cache\hyperframes\fonts\helvetica-neue)
[INFO] [Compiler] Injected deterministic @font-face rules for 3 requested font families
[INFO] [Compiler] Fetched 77 font face(s) for "Inter" from Google Fonts (cached to C:\Users\iknow\.cache\hyperframes\fonts\inter)
[INFO] [Compiler] Fetched 20 font face(s) for "Helvetica Neue" from Google Fonts (cached to C:\Users\iknow\.cache\hyperframes\fonts\helvetica-neue)
[INFO] [Compiler] Injected deterministic @font-face rules for 3 requested font families
[INFO] [Compiler] Fetched 90 font face(s) for "Google Sans Flex" from Google Fonts (cached to C:\Users\iknow\.cache\hyperframes\fonts\google-sans-flex)
[INFO] [Compiler] Fetched 77 font face(s) for "Inter" from Google Fonts (cached to C:\Users\iknow\.cache\hyperframes\fonts\inter)
[INFO] [Compiler] Fetched 90 font face(s) for "Google Sans Flex" from Google Fonts (cached to C:\Users\iknow\.cache\hyperframes\fonts\google-sans-flex)
[INFO] [Compiler] Fetched 20 font face(s) for "Helvetica Neue" from Google Fonts (cached to C:\Users\iknow\.cache\hyperframes\fonts\helvetica-neue)
[INFO] [Compiler] Injected deterministic @font-face rules for 3 requested font families
[INFO] [Compiler] Fetched 77 font face(s) for "Inter" from Google Fonts (cached to C:\Users\iknow\.cache\hyperframes\fonts\inter)
[INFO] [Compiler] Fetched 90 font face(s) for "Google Sans Flex" from Google Fonts (cached to C:\Users\iknow\.cache\hyperframes\fonts\google-sans-flex)
[INFO] [Compiler] Fetched 20 font face(s) for "Helvetica Neue" from Google Fonts (cached to C:\Users\iknow\.cache\hyperframes\fonts\helvetica-neue)
[INFO] [Compiler] Injected deterministic @font-face rules for 3 requested font families
[INFO] [Compiler] Fetched 77 font face(s) for "Inter" from Google Fonts (cached to C:\Users\iknow\.cache\hyperframes\fonts\inter)
[INFO] [Compiler] Fetched 90 font face(s) for "Google Sans Flex" from Google Fonts (cached to C:\Users\iknow\.cache\hyperframes\fonts\google-sans-flex)
[INFO] [Compiler] Fetched 20 font face(s) for "Helvetica Neue" from Google Fonts (cached to C:\Users\iknow\.cache\hyperframes\fonts\helvetica-neue)
[INFO] [Compiler] Injected deterministic @font-face rules for 3 requested font families
[INFO] [Compiler] Fetched 77 font face(s) for "Inter" from Google Fonts (cached to C:\Users\iknow\.cache\hyperframes\fonts\inter)
[INFO] [Compiler] Fetched 20 font face(s) for "Helvetica Neue" from Google Fonts (cached to C:\Users\iknow\.cache\hyperframes\fonts\helvetica-neue)
[INFO] [Compiler] Injected deterministic @font-face rules for 3 requested font families
[INFO] [Compiler] Fetched 90 font face(s) for "Google Sans Flex" from Google Fonts (cached to C:\Users\iknow\.cache\hyperframes\fonts\google-sans-flex)
[INFO] [Compiler] Fetched 77 font face(s) for "Inter" from Google Fonts (cached to C:\Users\iknow\.cache\hyperframes\fonts\inter)
[INFO] [Compiler] Fetched 90 font face(s) for "Google Sans Flex" from Google Fonts (cached to C:\Users\iknow\.cache\hyperframes\fonts\google-sans-flex)
[INFO] [Compiler] Fetched 20 font face(s) for "Helvetica Neue" from Google Fonts (cached to C:\Users\iknow\.cache\hyperframes\fonts\helvetica-neue)
[INFO] [Compiler] Injected deterministic @font-face rules for 3 requested font families
[INFO] [Compiler] Fetched 77 font face(s) for "Inter" from Google Fonts (cached to C:\Users\iknow\.cache\hyperframes\fonts\inter)
[INFO] [Compiler] Fetched 20 font face(s) for "Helvetica Neue" from Google Fonts (cached to C:\Users\iknow\.cache\hyperframes\fonts\helvetica-neue)
[INFO] [Compiler] Injected deterministic @font-face rules for 3 requested font families
[INFO] [Compiler] Fetched 90 font face(s) for "Google Sans Flex" from Google Fonts (cached to C:\Users\iknow\.cache\hyperframes\fonts\google-sans-flex)
[INFO] [Compiler] Fetched 90 font face(s) for "Google Sans Flex" from Google Fonts (cached to C:\Users\iknow\.cache\hyperframes\fonts\google-sans-flex)
[INFO] [Compiler] Fetched 77 font face(s) for "Inter" from Google Fonts (cached to C:\Users\iknow\.cache\hyperframes\fonts\inter)
[INFO] [Compiler] Fetched 77 font face(s) for "Inter" from Google Fonts (cached to C:\Users\iknow\.cache\hyperframes\fonts\inter)
[INFO] [Compiler] Fetched 20 font face(s) for "Helvetica Neue" from Google Fonts (cached to C:\Users\iknow\.cache\hyperframes\fonts\helvetica-neue)
[INFO] [Compiler] Injected deterministic @font-face rules for 3 requested font families
[INFO] [Compiler] Fetched 20 font face(s) for "Helvetica Neue" from Google Fonts (cached to C:\Users\iknow\.cache\hyperframes\fonts\helvetica-neue)
[INFO] [Compiler] Injected deterministic @font-face rules for 3 requested font families
[INFO] [Compiler] Fetched 90 font face(s) for "Google Sans Flex" from Google Fonts (cached to C:\Users\iknow\.cache\hyperframes\fonts\google-sans-flex)
[INFO] [Compiler] Fetched 77 font face(s) for "Inter" from Google Fonts (cached to C:\Users\iknow\.cache\hyperframes\fonts\inter)
[INFO] [Compiler] Fetched 20 font face(s) for "Helvetica Neue" from Google Fonts (cached to C:\Users\iknow\.cache\hyperframes\fonts\helvetica-neue)
[INFO] [Compiler] Injected deterministic @font-face rules for 3 requested font families
[INFO] [Compiler] Fetched 90 font face(s) for "Google Sans Flex" from Google Fonts (cached to C:\Users\iknow\.cache\hyperframes\fonts\google-sans-flex)
[INFO] [Compiler] Fetched 77 font face(s) for "Inter" from Google Fonts (cached to C:\Users\iknow\.cache\hyperframes\fonts\inter)
[INFO] [Compiler] Fetched 20 font face(s) for "Helvetica Neue" from Google Fonts (cached to C:\Users\iknow\.cache\hyperframes\fonts\helvetica-neue)
[INFO] [Compiler] Injected deterministic @font-face rules for 3 requested font families
[INFO] [Compiler] Fetched 90 font face(s) for "Google Sans Flex" from Google Fonts (cached to C:\Users\iknow\.cache\hyperframes\fonts\google-sans-flex)
[INFO] [Compiler] Fetched 77 font face(s) for "Inter" from Google Fonts (cached to C:\Users\iknow\.cache\hyperframes\fonts\inter)
[INFO] [Compiler] Fetched 90 font face(s) for "Google Sans Flex" from Google Fonts (cached to C:\Users\iknow\.cache\hyperframes\fonts\google-sans-flex)
[INFO] [Compiler] Fetched 20 font face(s) for "Helvetica Neue" from Google Fonts (cached to C:\Users\iknow\.cache\hyperframes\fonts\helvetica-neue)
[INFO] [Compiler] Injected deterministic @font-face rules for 3 requested font families
[INFO] [Compiler] Fetched 77 font face(s) for "Inter" from Google Fonts (cached to C:\Users\iknow\.cache\hyperframes\fonts\inter)
[INFO] [Compiler] Fetched 20 font face(s) for "Helvetica Neue" from Google Fonts (cached to C:\Users\iknow\.cache\hyperframes\fonts\helvetica-neue)
[INFO] [Compiler] Injected deterministic @font-face rules for 3 requested font families
[INFO] [Compiler] Fetched 90 font face(s) for "Google Sans Flex" from Google Fonts (cached to C:\Users\iknow\.cache\hyperframes\fonts\google-sans-flex)
[INFO] [Compiler] Fetched 77 font face(s) for "Inter" from Google Fonts (cached to C:\Users\iknow\.cache\hyperframes\fonts\inter)
[INFO] [Compiler] Fetched 20 font face(s) for "Helvetica Neue" from Google Fonts (cached to C:\Users\iknow\.cache\hyperframes\fonts\helvetica-neue)
[INFO] [Compiler] Injected deterministic @font-face rules for 3 requested font families
[INFO] [Compiler] Fetched 90 font face(s) for "Google Sans Flex" from Google Fonts (cached to C:\Users\iknow\.cache\hyperframes\fonts\google-sans-flex)
[INFO] [Compiler] Fetched 77 font face(s) for "Inter" from Google Fonts (cached to C:\Users\iknow\.cache\hyperframes\fonts\inter)
[INFO] [Compiler] Fetched 20 font face(s) for "Helvetica Neue" from Google Fonts (cached to C:\Users\iknow\.cache\hyperframes\fonts\helvetica-neue)
[INFO] [Compiler] Injected deterministic @font-face rules for 3 requested font families
[INFO] [Compiler] Fetched 90 font face(s) for "Google Sans Flex" from Google Fonts (cached to C:\Users\iknow\.cache\hyperframes\fonts\google-sans-flex)
[INFO] [Compiler] Fetched 77 font face(s) for "Inter" from Google Fonts (cached to C:\Users\iknow\.cache\hyperframes\fonts\inter)
[INFO] [Compiler] Fetched 90 font face(s) for "Google Sans Flex" from Google Fonts (cached to C:\Users\iknow\.cache\hyperframes\fonts\google-sans-flex)
[INFO] [Compiler] Fetched 20 font face(s) for "Helvetica Neue" from Google Fonts (cached to C:\Users\iknow\.cache\hyperframes\fonts\helvetica-neue)
[INFO] [Compiler] Injected deterministic @font-face rules for 3 requested font families
[INFO] [Compiler] Fetched 77 font face(s) for "Inter" from Google Fonts (cached to C:\Users\iknow\.cache\hyperframes\fonts\inter)
[INFO] [Compiler] Fetched 90 font face(s) for "Google Sans Flex" from Google Fonts (cached to C:\Users\iknow\.cache\hyperframes\fonts\google-sans-flex)
[INFO] [Compiler] Fetched 20 font face(s) for "Helvetica Neue" from Google Fonts (cached to C:\Users\iknow\.cache\hyperframes\fonts\helvetica-neue)
[INFO] [Compiler] Injected deterministic @font-face rules for 3 requested font families
[INFO] [Compiler] Fetched 77 font face(s) for "Inter" from Google Fonts (cached to C:\Users\iknow\.cache\hyperframes\fonts\inter)
[INFO] [Compiler] Fetched 90 font face(s) for "Google Sans Flex" from Google Fonts (cached to C:\Users\iknow\.cache\hyperframes\fonts\google-sans-flex)
[INFO] [Compiler] Fetched 77 font face(s) for "Inter" from Google Fonts (cached to C:\Users\iknow\.cache\hyperframes\fonts\inter)
[INFO] [Compiler] Fetched 20 font face(s) for "Helvetica Neue" from Google Fonts (cached to C:\Users\iknow\.cache\hyperframes\fonts\helvetica-neue)
[INFO] [Compiler] Injected deterministic @font-face rules for 3 requested font families
[INFO] [Compiler] Fetched 90 font face(s) for "Google Sans Flex" from Google Fonts (cached to C:\Users\iknow\.cache\hyperframes\fonts\google-sans-flex)
[INFO] [Compiler] Fetched 20 font face(s) for "Helvetica Neue" from Google Fonts (cached to C:\Users\iknow\.cache\hyperframes\fonts\helvetica-neue)
[INFO] [Compiler] Injected deterministic @font-face rules for 3 requested font families
[INFO] [Compiler] Fetched 90 font face(s) for "Google Sans Flex" from Google Fonts (cached to C:\Users\iknow\.cache\hyperframes\fonts\google-sans-flex)
[INFO] [Compiler] Fetched 77 font face(s) for "Inter" from Google Fonts (cached to C:\Users\iknow\.cache\hyperframes\fonts\inter)
[INFO] [Compiler] Fetched 77 font face(s) for "Inter" from Google Fonts (cached to C:\Users\iknow\.cache\hyperframes\fonts\inter)
[INFO] [Compiler] Fetched 20 font face(s) for "Helvetica Neue" from Google Fonts (cached to C:\Users\iknow\.cache\hyperframes\fonts\helvetica-neue)
[INFO] [Compiler] Injected deterministic @font-face rules for 3 requested font families
[INFO] [Compiler] Fetched 20 font face(s) for "Helvetica Neue" from Google Fonts (cached to C:\Users\iknow\.cache\hyperframes\fonts\helvetica-neue)
[INFO] [Compiler] Injected deterministic @font-face rules for 3 requested font families
[INFO] [Compiler] Fetched 90 font face(s) for "Google Sans Flex" from Google Fonts (cached to C:\Users\iknow\.cache\hyperframes\fonts\google-sans-flex)
[INFO] [Compiler] Fetched 90 font face(s) for "Google Sans Flex" from Google Fonts (cached to C:\Users\iknow\.cache\hyperframes\fonts\google-sans-flex)
[INFO] [Compiler] Fetched 90 font face(s) for "Google Sans Flex" from Google Fonts (cached to C:\Users\iknow\.cache\hyperframes\fonts\google-sans-flex)
[INFO] [Compiler] Fetched 77 font face(s) for "Inter" from Google Fonts (cached to C:\Users\iknow\.cache\hyperframes\fonts\inter)
[INFO] [Compiler] Fetched 77 font face(s) for "Inter" from Google Fonts (cached to C:\Users\iknow\.cache\hyperframes\fonts\inter)
[INFO] [Compiler] Fetched 20 font face(s) for "Helvetica Neue" from Google Fonts (cached to C:\Users\iknow\.cache\hyperframes\fonts\helvetica-neue)
[INFO] [Compiler] Injected deterministic @font-face rules for 3 requested font families
[INFO] [Compiler] Fetched 77 font face(s) for "Inter" from Google Fonts (cached to C:\Users\iknow\.cache\hyperframes\fonts\inter)
[INFO] [Compiler] Fetched 90 font face(s) for "Google Sans Flex" from Google Fonts (cached to C:\Users\iknow\.cache\hyperframes\fonts\google-sans-flex)
[INFO] [Compiler] Fetched 20 font face(s) for "Helvetica Neue" from Google Fonts (cached to C:\Users\iknow\.cache\hyperframes\fonts\helvetica-neue)
[INFO] [Compiler] Injected deterministic @font-face rules for 3 requested font families
[INFO] [Compiler] Fetched 90 font face(s) for "Google Sans Flex" from Google Fonts (cached to C:\Users\iknow\.cache\hyperframes\fonts\google-sans-flex)
[INFO] [Compiler] Fetched 20 font face(s) for "Helvetica Neue" from Google Fonts (cached to C:\Users\iknow\.cache\hyperframes\fonts\helvetica-neue)
[INFO] [Compiler] Injected deterministic @font-face rules for 3 requested font families
[INFO] [Compiler] Fetched 77 font face(s) for "Inter" from Google Fonts (cached to C:\Users\iknow\.cache\hyperframes\fonts\inter)
[INFO] [Compiler] Fetched 77 font face(s) for "Inter" from Google Fonts (cached to C:\Users\iknow\.cache\hyperframes\fonts\inter)
[INFO] [Compiler] Fetched 90 font face(s) for "Google Sans Flex" from Google Fonts (cached to C:\Users\iknow\.cache\hyperframes\fonts\google-sans-flex)
[INFO] [Compiler] Fetched 20 font face(s) for "Helvetica Neue" from Google Fonts (cached to C:\Users\iknow\.cache\hyperframes\fonts\helvetica-neue)
[INFO] [Compiler] Injected deterministic @font-face rules for 3 requested font families
[INFO] [Compiler] Fetched 20 font face(s) for "Helvetica Neue" from Google Fonts (cached to C:\Users\iknow\.cache\hyperframes\fonts\helvetica-neue)
[INFO] [Compiler] Injected deterministic @font-face rules for 3 requested font families
[INFO] [Compiler] Fetched 77 font face(s) for "Inter" from Google Fonts (cached to C:\Users\iknow\.cache\hyperframes\fonts\inter)
[INFO] [Compiler] Fetched 90 font face(s) for "Google Sans Flex" from Google Fonts (cached to C:\Users\iknow\.cache\hyperframes\fonts\google-sans-flex)
[INFO] [Compiler] Fetched 20 font face(s) for "Helvetica Neue" from Google Fonts (cached to C:\Users\iknow\.cache\hyperframes\fonts\helvetica-neue)
[INFO] [Compiler] Injected deterministic @font-face rules for 3 requested font families
[INFO] [Compiler] Fetched 77 font face(s) for "Inter" from Google Fonts (cached to C:\Users\iknow\.cache\hyperframes\fonts\inter)
[INFO] [Compiler] Fetched 90 font face(s) for "Google Sans Flex" from Google Fonts (cached to C:\Users\iknow\.cache\hyperframes\fonts\google-sans-flex)
[INFO] [Compiler] Fetched 20 font face(s) for "Helvetica Neue" from Google Fonts (cached to C:\Users\iknow\.cache\hyperframes\fonts\helvetica-neue)
[INFO] [Compiler] Injected deterministic @font-face rules for 3 requested font families
[INFO] [Compiler] Fetched 90 font face(s) for "Google Sans Flex" from Google Fonts (cached to C:\Users\iknow\.cache\hyperframes\fonts\google-sans-flex)
[INFO] [Compiler] Fetched 77 font face(s) for "Inter" from Google Fonts (cached to C:\Users\iknow\.cache\hyperframes\fonts\inter)
[INFO] [Compiler] Fetched 77 font face(s) for "Inter" from Google Fonts (cached to C:\Users\iknow\.cache\hyperframes\fonts\inter)
[INFO] [Compiler] Fetched 20 font face(s) for "Helvetica Neue" from Google Fonts (cached to C:\Users\iknow\.cache\hyperframes\fonts\helvetica-neue)
[INFO] [Compiler] Injected deterministic @font-face rules for 3 requested font families
[INFO] [Compiler] Fetched 90 font face(s) for "Google Sans Flex" from Google Fonts (cached to C:\Users\iknow\.cache\hyperframes\fonts\google-sans-flex)
[INFO] [Compiler] Fetched 20 font face(s) for "Helvetica Neue" from Google Fonts (cached to C:\Users\iknow\.cache\hyperframes\fonts\helvetica-neue)
[INFO] [Compiler] Injected deterministic @font-face rules for 3 requested font families
[INFO] [Compiler] Fetched 77 font face(s) for "Inter" from Google Fonts (cached to C:\Users\iknow\.cache\hyperframes\fonts\inter)
[INFO] [Compiler] Fetched 90 font face(s) for "Google Sans Flex" from Google Fonts (cached to C:\Users\iknow\.cache\hyperframes\fonts\google-sans-flex)
[INFO] [Compiler] Fetched 20 font face(s) for "Helvetica Neue" from Google Fonts (cached to C:\Users\iknow\.cache\hyperframes\fonts\helvetica-neue)
[INFO] [Compiler] Injected deterministic @font-face rules for 3 requested font families
[INFO] [Compiler] Fetched 77 font face(s) for "Inter" from Google Fonts (cached to C:\Users\iknow\.cache\hyperframes\fonts\inter)
[INFO] [Compiler] Fetched 90 font face(s) for "Google Sans Flex" from Google Fonts (cached to C:\Users\iknow\.cache\hyperframes\fonts\google-sans-flex)
[INFO] [Compiler] Fetched 20 font face(s) for "Helvetica Neue" from Google Fonts (cached to C:\Users\iknow\.cache\hyperframes\fonts\helvetica-neue)
[INFO] [Compiler] Injected deterministic @font-face rules for 3 requested font families
[INFO] [Compiler] Fetched 77 font face(s) for "Inter" from Google Fonts (cached to C:\Users\iknow\.cache\hyperframes\fonts\inter)
[INFO] [Compiler] Fetched 90 font face(s) for "Google Sans Flex" from Google Fonts (cached to C:\Users\iknow\.cache\hyperframes\fonts\google-sans-flex)
[INFO] [Compiler] Fetched 20 font face(s) for "Helvetica Neue" from Google Fonts (cached to C:\Users\iknow\.cache\hyperframes\fonts\helvetica-neue)
[INFO] [Compiler] Injected deterministic @font-face rules for 3 requested font families
[INFO] [Compiler] Fetched 77 font face(s) for "Inter" from Google Fonts (cached to C:\Users\iknow\.cache\hyperframes\fonts\inter)
[INFO] [Compiler] Fetched 20 font face(s) for "Helvetica Neue" from Google Fonts (cached to C:\Users\iknow\.cache\hyperframes\fonts\helvetica-neue)
[INFO] [Compiler] Injected deterministic @font-face rules for 3 requested font families
[INFO] [Compiler] Fetched 90 font face(s) for "Google Sans Flex" from Google Fonts (cached to C:\Users\iknow\.cache\hyperframes\fonts\google-sans-flex)
[INFO] [Compiler] Fetched 77 font face(s) for "Inter" from Google Fonts (cached to C:\Users\iknow\.cache\hyperframes\fonts\inter)
[INFO] [Compiler] Fetched 20 font face(s) for "Helvetica Neue" from Google Fonts (cached to C:\Users\iknow\.cache\hyperframes\fonts\helvetica-neue)
[INFO] [Compiler] Injected deterministic @font-face rules for 3 requested font families
[INFO] [Compiler] Fetched 90 font face(s) for "Google Sans Flex" from Google Fonts (cached to C:\Users\iknow\.cache\hyperframes\fonts\google-sans-flex)
[INFO] [Compiler] Fetched 90 font face(s) for "Google Sans Flex" from Google Fonts (cached to C:\Users\iknow\.cache\hyperframes\fonts\google-sans-flex)
[INFO] [Compiler] Fetched 77 font face(s) for "Inter" from Google Fonts (cached to C:\Users\iknow\.cache\hyperframes\fonts\inter)
[INFO] [Compiler] Fetched 77 font face(s) for "Inter" from Google Fonts (cached to C:\Users\iknow\.cache\hyperframes\fonts\inter)
[INFO] [Compiler] Fetched 20 font face(s) for "Helvetica Neue" from Google Fonts (cached to C:\Users\iknow\.cache\hyperframes\fonts\helvetica-neue)
[INFO] [Compiler] Injected deterministic @font-face rules for 3 requested font families
[INFO] [Compiler] Fetched 20 font face(s) for "Helvetica Neue" from Google Fonts (cached to C:\Users\iknow\.cache\hyperframes\fonts\helvetica-neue)
[INFO] [Compiler] Injected deterministic @font-face rules for 3 requested font families
[INFO] [Compiler] Fetched 90 font face(s) for "Google Sans Flex" from Google Fonts (cached to C:\Users\iknow\.cache\hyperframes\fonts\google-sans-flex)
[INFO] [Compiler] Fetched 90 font face(s) for "Google Sans Flex" from Google Fonts (cached to C:\Users\iknow\.cache\hyperframes\fonts\google-sans-flex)
[INFO] [Compiler] Fetched 77 font face(s) for "Inter" from Google Fonts (cached to C:\Users\iknow\.cache\hyperframes\fonts\inter)
[INFO] [Compiler] Fetched 77 font face(s) for "Inter" from Google Fonts (cached to C:\Users\iknow\.cache\hyperframes\fonts\inter)
[INFO] [Compiler] Fetched 20 font face(s) for "Helvetica Neue" from Google Fonts (cached to C:\Users\iknow\.cache\hyperframes\fonts\helvetica-neue)
[INFO] [Compiler] Injected deterministic @font-face rules for 3 requested font families
[INFO] [Compiler] Fetched 20 font face(s) for "Helvetica Neue" from Google Fonts (cached to C:\Users\iknow\.cache\hyperframes\fonts\helvetica-neue)
[INFO] [Compiler] Injected deterministic @font-face rules for 3 requested font families
[INFO] [Compiler] Fetched 90 font face(s) for "Google Sans Flex" from Google Fonts (cached to C:\Users\iknow\.cache\hyperframes\fonts\google-sans-flex)
[INFO] [Compiler] Fetched 77 font face(s) for "Inter" from Google Fonts (cached to C:\Users\iknow\.cache\hyperframes\fonts\inter)
[INFO] [Compiler] Fetched 90 font face(s) for "Google Sans Flex" from Google Fonts (cached to C:\Users\iknow\.cache\hyperframes\fonts\google-sans-flex)
[INFO] [Compiler] Fetched 20 font face(s) for "Helvetica Neue" from Google Fonts (cached to C:\Users\iknow\.cache\hyperframes\fonts\helvetica-neue)
[INFO] [Compiler] Injected deterministic @font-face rules for 3 requested font families
[INFO] [Compiler] Fetched 77 font face(s) for "Inter" from Google Fonts (cached to C:\Users\iknow\.cache\hyperframes\fonts\inter)
[INFO] [Compiler] Fetched 20 font face(s) for "Helvetica Neue" from Google Fonts (cached to C:\Users\iknow\.cache\hyperframes\fonts\helvetica-neue)
[INFO] [Compiler] Injected deterministic @font-face rules for 3 requested font families
[INFO] [Compiler] Fetched 90 font face(s) for "Google Sans Flex" from Google Fonts (cached to C:\Users\iknow\.cache\hyperframes\fonts\google-sans-flex)
[INFO] [Compiler] Fetched 77 font face(s) for "Inter" from Google Fonts (cached to C:\Users\iknow\.cache\hyperframes\fonts\inter)
[INFO] [Compiler] Fetched 90 font face(s) for "Google Sans Flex" from Google Fonts (cached to C:\Users\iknow\.cache\hyperframes\fonts\google-sans-flex)
[INFO] [Compiler] Fetched 20 font face(s) for "Helvetica Neue" from Google Fonts (cached to C:\Users\iknow\.cache\hyperframes\fonts\helvetica-neue)
[INFO] [Compiler] Injected deterministic @font-face rules for 3 requested font families
[INFO] [Compiler] Fetched 77 font face(s) for "Inter" from Google Fonts (cached to C:\Users\iknow\.cache\hyperframes\fonts\inter)
[INFO] [Compiler] Fetched 20 font face(s) for "Helvetica Neue" from Google Fonts (cached to C:\Users\iknow\.cache\hyperframes\fonts\helvetica-neue)
[INFO] [Compiler] Injected deterministic @font-face rules for 3 requested font families
[INFO] [Compiler] Fetched 90 font face(s) for "Google Sans Flex" from Google Fonts (cached to C:\Users\iknow\.cache\hyperframes\fonts\google-sans-flex)
[INFO] [Compiler] Fetched 77 font face(s) for "Inter" from Google Fonts (cached to C:\Users\iknow\.cache\hyperframes\fonts\inter)
[INFO] [Compiler] Fetched 20 font face(s) for "Helvetica Neue" from Google Fonts (cached to C:\Users\iknow\.cache\hyperframes\fonts\helvetica-neue)
[INFO] [Compiler] Injected deterministic @font-face rules for 3 requested font families
[INFO] [Compiler] Fetched 90 font face(s) for "Google Sans Flex" from Google Fonts (cached to C:\Users\iknow\.cache\hyperframes\fonts\google-sans-flex)
[INFO] [Compiler] Fetched 77 font face(s) for "Inter" from Google Fonts (cached to C:\Users\iknow\.cache\hyperframes\fonts\inter)
[INFO] [Compiler] Fetched 90 font face(s) for "Google Sans Flex" from Google Fonts (cached to C:\Users\iknow\.cache\hyperframes\fonts\google-sans-flex)
[INFO] [Compiler] Fetched 20 font face(s) for "Helvetica Neue" from Google Fonts (cached to C:\Users\iknow\.cache\hyperframes\fonts\helvetica-neue)
[INFO] [Compiler] Injected deterministic @font-face rules for 3 requested font families
[INFO] [Compiler] Fetched 90 font face(s) for "Google Sans Flex" from Google Fonts (cached to C:\Users\iknow\.cache\hyperframes\fonts\google-sans-flex)
[INFO] [Compiler] Fetched 77 font face(s) for "Inter" from Google Fonts (cached to C:\Users\iknow\.cache\hyperframes\fonts\inter)
[INFO] [Compiler] Fetched 77 font face(s) for "Inter" from Google Fonts (cached to C:\Users\iknow\.cache\hyperframes\fonts\inter)
[INFO] [Compiler] Fetched 20 font face(s) for "Helvetica Neue" from Google Fonts (cached to C:\Users\iknow\.cache\hyperframes\fonts\helvetica-neue)
[INFO] [Compiler] Injected deterministic @font-face rules for 3 requested font families
[INFO] [Compiler] Fetched 20 font face(s) for "Helvetica Neue" from Google Fonts (cached to C:\Users\iknow\.cache\hyperframes\fonts\helvetica-neue)
[INFO] [Compiler] Injected deterministic @font-face rules for 3 requested font families
[INFO] [Compiler] Fetched 90 font face(s) for "Google Sans Flex" from Google Fonts (cached to C:\Users\iknow\.cache\hyperframes\fonts\google-sans-flex)
[INFO] [Compiler] Fetched 77 font face(s) for "Inter" from Google Fonts (cached to C:\Users\iknow\.cache\hyperframes\fonts\inter)
[INFO] [Compiler] Fetched 90 font face(s) for "Google Sans Flex" from Google Fonts (cached to C:\Users\iknow\.cache\hyperframes\fonts\google-sans-flex)
[INFO] [Compiler] Fetched 20 font face(s) for "Helvetica Neue" from Google Fonts (cached to C:\Users\iknow\.cache\hyperframes\fonts\helvetica-neue)
[INFO] [Compiler] Injected deterministic @font-face rules for 3 requested font families
[INFO] [Compiler] Fetched 77 font face(s) for "Inter" from Google Fonts (cached to C:\Users\iknow\.cache\hyperframes\fonts\inter)
[INFO] [Compiler] Fetched 20 font face(s) for "Helvetica Neue" from Google Fonts (cached to C:\Users\iknow\.cache\hyperframes\fonts\helvetica-neue)
[INFO] [Compiler] Injected deterministic @font-face rules for 3 requested font families
[INFO] [Compiler] Fetched 90 font face(s) for "Google Sans Flex" from Google Fonts (cached to C:\Users\iknow\.cache\hyperframes\fonts\google-sans-flex)
[INFO] [Compiler] Fetched 77 font face(s) for "Inter" from Google Fonts (cached to C:\Users\iknow\.cache\hyperframes\fonts\inter)
[INFO] [Compiler] Fetched 90 font face(s) for "Google Sans Flex" from Google Fonts (cached to C:\Users\iknow\.cache\hyperframes\fonts\google-sans-flex)
[INFO] [Compiler] Fetched 20 font face(s) for "Helvetica Neue" from Google Fonts (cached to C:\Users\iknow\.cache\hyperframes\fonts\helvetica-neue)
[INFO] [Compiler] Injected deterministic @font-face rules for 3 requested font families
[INFO] [Compiler] Fetched 77 font face(s) for "Inter" from Google Fonts (cached to C:\Users\iknow\.cache\hyperframes\fonts\inter)
[INFO] [Compiler] Fetched 20 font face(s) for "Helvetica Neue" from Google Fonts (cached to C:\Users\iknow\.cache\hyperframes\fonts\helvetica-neue)
[INFO] [Compiler] Injected deterministic @font-face rules for 3 requested font families
[INFO] [Compiler] Fetched 90 font face(s) for "Google Sans Flex" from Google Fonts (cached to C:\Users\iknow\.cache\hyperframes\fonts\google-sans-flex)
[INFO] [Compiler] Fetched 77 font face(s) for "Inter" from Google Fonts (cached to C:\Users\iknow\.cache\hyperframes\fonts\inter)
[INFO] [Compiler] Fetched 20 font face(s) for "Helvetica Neue" from Google Fonts (cached to C:\Users\iknow\.cache\hyperframes\fonts\helvetica-neue)
[INFO] [Compiler] Injected deterministic @font-face rules for 3 requested font families
[INFO] [Compiler] Fetched 90 font face(s) for "Google Sans Flex" from Google Fonts (cached to C:\Users\iknow\.cache\hyperframes\fonts\google-sans-flex)
[INFO] [Compiler] Fetched 77 font face(s) for "Inter" from Google Fonts (cached to C:\Users\iknow\.cache\hyperframes\fonts\inter)
[INFO] [Compiler] Fetched 90 font face(s) for "Google Sans Flex" from Google Fonts (cached to C:\Users\iknow\.cache\hyperframes\fonts\google-sans-flex)
[INFO] [Compiler] Fetched 20 font face(s) for "Helvetica Neue" from Google Fonts (cached to C:\Users\iknow\.cache\hyperframes\fonts\helvetica-neue)
[INFO] [Compiler] Injected deterministic @font-face rules for 3 requested font families
[INFO] [Compiler] Fetched 77 font face(s) for "Inter" from Google Fonts (cached to C:\Users\iknow\.cache\hyperframes\fonts\inter)
[INFO] [Compiler] Fetched 90 font face(s) for "Google Sans Flex" from Google Fonts (cached to C:\Users\iknow\.cache\hyperframes\fonts\google-sans-flex)
[INFO] [Compiler] Fetched 20 font face(s) for "Helvetica Neue" from Google Fonts (cached to C:\Users\iknow\.cache\hyperframes\fonts\helvetica-neue)
[INFO] [Compiler] Injected deterministic @font-face rules for 3 requested font families
[INFO] [Compiler] Fetched 77 font face(s) for "Inter" from Google Fonts (cached to C:\Users\iknow\.cache\hyperframes\fonts\inter)
[INFO] [Compiler] Fetched 90 font face(s) for "Google Sans Flex" from Google Fonts (cached to C:\Users\iknow\.cache\hyperframes\fonts\google-sans-flex)
[INFO] [Compiler] Fetched 20 font face(s) for "Helvetica Neue" from Google Fonts (cached to C:\Users\iknow\.cache\hyperframes\fonts\helvetica-neue)
[INFO] [Compiler] Injected deterministic @font-face rules for 3 requested font families
[INFO] [Compiler] Fetched 77 font face(s) for "Inter" from Google Fonts (cached to C:\Users\iknow\.cache\hyperframes\fonts\inter)
[INFO] [Compiler] Fetched 20 font face(s) for "Helvetica Neue" from Google Fonts (cached to C:\Users\iknow\.cache\hyperframes\fonts\helvetica-neue)
[INFO] [Compiler] Injected deterministic @font-face rules for 3 requested font families
[INFO] [Compiler] Fetched 90 font face(s) for "Google Sans Flex" from Google Fonts (cached to C:\Users\iknow\.cache\hyperframes\fonts\google-sans-flex)
[INFO] [Compiler] Fetched 77 font face(s) for "Inter" from Google Fonts (cached to C:\Users\iknow\.cache\hyperframes\fonts\inter)
[INFO] [Compiler] Fetched 90 font face(s) for "Google Sans Flex" from Google Fonts (cached to C:\Users\iknow\.cache\hyperframes\fonts\google-sans-flex)
[INFO] [Compiler] Fetched 20 font face(s) for "Helvetica Neue" from Google Fonts (cached to C:\Users\iknow\.cache\hyperframes\fonts\helvetica-neue)
[INFO] [Compiler] Injected deterministic @font-face rules for 3 requested font families
[INFO] [Compiler] Fetched 77 font face(s) for "Inter" from Google Fonts (cached to C:\Users\iknow\.cache\hyperframes\fonts\inter)
[INFO] [Compiler] Fetched 20 font face(s) for "Helvetica Neue" from Google Fonts (cached to C:\Users\iknow\.cache\hyperframes\fonts\helvetica-neue)
[INFO] [Compiler] Injected deterministic @font-face rules for 3 requested font families
[INFO] [Compiler] Fetched 90 font face(s) for "Google Sans Flex" from Google Fonts (cached to C:\Users\iknow\.cache\hyperframes\fonts\google-sans-flex)
[INFO] [Compiler] Fetched 77 font face(s) for "Inter" from Google Fonts (cached to C:\Users\iknow\.cache\hyperframes\fonts\inter)
[INFO] [Compiler] Fetched 90 font face(s) for "Google Sans Flex" from Google Fonts (cached to C:\Users\iknow\.cache\hyperframes\fonts\google-sans-flex)
[INFO] [Compiler] Fetched 20 font face(s) for "Helvetica Neue" from Google Fonts (cached to C:\Users\iknow\.cache\hyperframes\fonts\helvetica-neue)
[INFO] [Compiler] Injected deterministic @font-face rules for 3 requested font families
[INFO] [Compiler] Fetched 77 font face(s) for "Inter" from Google Fonts (cached to C:\Users\iknow\.cache\hyperframes\fonts\inter)
[INFO] [Compiler] Fetched 20 font face(s) for "Helvetica Neue" from Google Fonts (cached to C:\Users\iknow\.cache\hyperframes\fonts\helvetica-neue)
[INFO] [Compiler] Injected deterministic @font-face rules for 3 requested font families
[INFO] [Compiler] Fetched 90 font face(s) for "Google Sans Flex" from Google Fonts (cached to C:\Users\iknow\.cache\hyperframes\fonts\google-sans-flex)
[INFO] [Compiler] Fetched 77 font face(s) for "Inter" from Google Fonts (cached to C:\Users\iknow\.cache\hyperframes\fonts\inter)
[INFO] [Compiler] Fetched 90 font face(s) for "Google Sans Flex" from Google Fonts (cached to C:\Users\iknow\.cache\hyperframes\fonts\google-sans-flex)
[INFO] [Compiler] Fetched 20 font face(s) for "Helvetica Neue" from Google Fonts (cached to C:\Users\iknow\.cache\hyperframes\fonts\helvetica-neue)
[INFO] [Compiler] Injected deterministic @font-face rules for 3 requested font families
[INFO] [Compiler] Fetched 77 font face(s) for "Inter" from Google Fonts (cached to C:\Users\iknow\.cache\hyperframes\fonts\inter)
[INFO] [Compiler] Fetched 20 font face(s) for "Helvetica Neue" from Google Fonts (cached to C:\Users\iknow\.cache\hyperframes\fonts\helvetica-neue)
[INFO] [Compiler] Injected deterministic @font-face rules for 3 requested font families
[INFO] [Compiler] Fetched 90 font face(s) for "Google Sans Flex" from Google Fonts (cached to C:\Users\iknow\.cache\hyperframes\fonts\google-sans-flex)
[INFO] [Compiler] Fetched 77 font face(s) for "Inter" from Google Fonts (cached to C:\Users\iknow\.cache\hyperframes\fonts\inter)
[INFO] [Compiler] Fetched 90 font face(s) for "Google Sans Flex" from Google Fonts (cached to C:\Users\iknow\.cache\hyperframes\fonts\google-sans-flex)
[INFO] [Compiler] Fetched 20 font face(s) for "Helvetica Neue" from Google Fonts (cached to C:\Users\iknow\.cache\hyperframes\fonts\helvetica-neue)
[INFO] [Compiler] Injected deterministic @font-face rules for 3 requested font families
[INFO] [Compiler] Fetched 77 font face(s) for "Inter" from Google Fonts (cached to C:\Users\iknow\.cache\hyperframes\fonts\inter)
[INFO] [Compiler] Fetched 90 font face(s) for "Google Sans Flex" from Google Fonts (cached to C:\Users\iknow\.cache\hyperframes\fonts\google-sans-flex)
[INFO] [Compiler] Fetched 20 font face(s) for "Helvetica Neue" from Google Fonts (cached to C:\Users\iknow\.cache\hyperframes\fonts\helvetica-neue)
[INFO] [Compiler] Injected deterministic @font-face rules for 3 requested font families
[INFO] [Compiler] Fetched 77 font face(s) for "Inter" from Google Fonts (cached to C:\Users\iknow\.cache\hyperframes\fonts\inter)
[INFO] [Compiler] Fetched 90 font face(s) for "Google Sans Flex" from Google Fonts (cached to C:\Users\iknow\.cache\hyperframes\fonts\google-sans-flex)
[INFO] [Compiler] Fetched 20 font face(s) for "Helvetica Neue" from Google Fonts (cached to C:\Users\iknow\.cache\hyperframes\fonts\helvetica-neue)
[INFO] [Compiler] Injected deterministic @font-face rules for 3 requested font families
[INFO] [Compiler] Fetched 77 font face(s) for "Inter" from Google Fonts (cached to C:\Users\iknow\.cache\hyperframes\fonts\inter)
[INFO] [Compiler] Fetched 90 font face(s) for "Google Sans Flex" from Google Fonts (cached to C:\Users\iknow\.cache\hyperframes\fonts\google-sans-flex)
[INFO] [Compiler] Fetched 20 font face(s) for "Helvetica Neue" from Google Fonts (cached to C:\Users\iknow\.cache\hyperframes\fonts\helvetica-neue)
[INFO] [Compiler] Injected deterministic @font-face rules for 3 requested font families
[INFO] [Compiler] Fetched 77 font face(s) for "Inter" from Google Fonts (cached to C:\Users\iknow\.cache\hyperframes\fonts\inter)
[INFO] [Compiler] Fetched 90 font face(s) for "Google Sans Flex" from Google Fonts (cached to C:\Users\iknow\.cache\hyperframes\fonts\google-sans-flex)
[INFO] [Compiler] Fetched 20 font face(s) for "Helvetica Neue" from Google Fonts (cached to C:\Users\iknow\.cache\hyperframes\fonts\helvetica-neue)
[INFO] [Compiler] Injected deterministic @font-face rules for 3 requested font families
[INFO] [Compiler] Fetched 77 font face(s) for "Inter" from Google Fonts (cached to C:\Users\iknow\.cache\hyperframes\fonts\inter)
[INFO] [Compiler] Fetched 90 font face(s) for "Google Sans Flex" from Google Fonts (cached to C:\Users\iknow\.cache\hyperframes\fonts\google-sans-flex)
[INFO] [Compiler] Fetched 20 font face(s) for "Helvetica Neue" from Google Fonts (cached to C:\Users\iknow\.cache\hyperframes\fonts\helvetica-neue)
[INFO] [Compiler] Injected deterministic @font-face rules for 3 requested font families
[INFO] [Compiler] Fetched 77 font face(s) for "Inter" from Google Fonts (cached to C:\Users\iknow\.cache\hyperframes\fonts\inter)
[INFO] [Compiler] Fetched 20 font face(s) for "Helvetica Neue" from Google Fonts (cached to C:\Users\iknow\.cache\hyperframes\fonts\helvetica-neue)
[INFO] [Compiler] Injected deterministic @font-face rules for 3 requested font families
[INFO] [Compiler] Fetched 90 font face(s) for "Google Sans Flex" from Google Fonts (cached to C:\Users\iknow\.cache\hyperframes\fonts\google-sans-flex)
[INFO] [Compiler] Fetched 77 font face(s) for "Inter" from Google Fonts (cached to C:\Users\iknow\.cache\hyperframes\fonts\inter)
[INFO] [Compiler] Fetched 20 font face(s) for "Helvetica Neue" from Google Fonts (cached to C:\Users\iknow\.cache\hyperframes\fonts\helvetica-neue)
[INFO] [Compiler] Injected deterministic @font-face rules for 3 requested font families
[INFO] [Compiler] Fetched 90 font face(s) for "Google Sans Flex" from Google Fonts (cached to C:\Users\iknow\.cache\hyperframes\fonts\google-sans-flex)
[INFO] [Compiler] Fetched 77 font face(s) for "Inter" from Google Fonts (cached to C:\Users\iknow\.cache\hyperframes\fonts\inter)
[INFO] [Compiler] Fetched 20 font face(s) for "Helvetica Neue" from Google Fonts (cached to C:\Users\iknow\.cache\hyperframes\fonts\helvetica-neue)
[INFO] [Compiler] Injected deterministic @font-face rules for 3 requested font families
[INFO] [Compiler] Fetched 90 font face(s) for "Google Sans Flex" from Google Fonts (cached to C:\Users\iknow\.cache\hyperframes\fonts\google-sans-flex)
[INFO] [Compiler] Fetched 77 font face(s) for "Inter" from Google Fonts (cached to C:\Users\iknow\.cache\hyperframes\fonts\inter)
[INFO] [Compiler] Fetched 20 font face(s) for "Helvetica Neue" from Google Fonts (cached to C:\Users\iknow\.cache\hyperframes\fonts\helvetica-neue)
[INFO] [Compiler] Injected deterministic @font-face rules for 3 requested font families
[INFO] [Compiler] Fetched 90 font face(s) for "Google Sans Flex" from Google Fonts (cached to C:\Users\iknow\.cache\hyperframes\fonts\google-sans-flex)
[INFO] [Compiler] Fetched 77 font face(s) for "Inter" from Google Fonts (cached to C:\Users\iknow\.cache\hyperframes\fonts\inter)
[INFO] [Compiler] Fetched 90 font face(s) for "Google Sans Flex" from Google Fonts (cached to C:\Users\iknow\.cache\hyperframes\fonts\google-sans-flex)
[INFO] [Compiler] Fetched 20 font face(s) for "Helvetica Neue" from Google Fonts (cached to C:\Users\iknow\.cache\hyperframes\fonts\helvetica-neue)
[INFO] [Compiler] Injected deterministic @font-face rules for 3 requested font families
[INFO] [Compiler] Fetched 77 font face(s) for "Inter" from Google Fonts (cached to C:\Users\iknow\.cache\hyperframes\fonts\inter)
[INFO] [Compiler] Fetched 90 font face(s) for "Google Sans Flex" from Google Fonts (cached to C:\Users\iknow\.cache\hyperframes\fonts\google-sans-flex)
[INFO] [Compiler] Fetched 20 font face(s) for "Helvetica Neue" from Google Fonts (cached to C:\Users\iknow\.cache\hyperframes\fonts\helvetica-neue)
[INFO] [Compiler] Injected deterministic @font-face rules for 3 requested font families
[INFO] [Compiler] Fetched 77 font face(s) for "Inter" from Google Fonts (cached to C:\Users\iknow\.cache\hyperframes\fonts\inter)
[INFO] [Compiler] Fetched 20 font face(s) for "Helvetica Neue" from Google Fonts (cached to C:\Users\iknow\.cache\hyperframes\fonts\helvetica-neue)
[INFO] [Compiler] Injected deterministic @font-face rules for 3 requested font families
[INFO] [Compiler] Fetched 90 font face(s) for "Google Sans Flex" from Google Fonts (cached to C:\Users\iknow\.cache\hyperframes\fonts\google-sans-flex)
[INFO] [Compiler] Fetched 77 font face(s) for "Inter" from Google Fonts (cached to C:\Users\iknow\.cache\hyperframes\fonts\inter)
[INFO] [Compiler] Fetched 20 font face(s) for "Helvetica Neue" from Google Fonts (cached to C:\Users\iknow\.cache\hyperframes\fonts\helvetica-neue)
[INFO] [Compiler] Injected deterministic @font-face rules for 3 requested font families
[INFO] [Compiler] Fetched 90 font face(s) for "Google Sans Flex" from Google Fonts (cached to C:\Users\iknow\.cache\hyperframes\fonts\google-sans-flex)
[INFO] [Compiler] Fetched 77 font face(s) for "Inter" from Google Fonts (cached to C:\Users\iknow\.cache\hyperframes\fonts\inter)
[INFO] [Compiler] Fetched 20 font face(s) for "Helvetica Neue" from Google Fonts (cached to C:\Users\iknow\.cache\hyperframes\fonts\helvetica-neue)
[INFO] [Compiler] Injected deterministic @font-face rules for 3 requested font families
[INFO] [Compiler] Fetched 90 font face(s) for "Google Sans Flex" from Google Fonts (cached to C:\Users\iknow\.cache\hyperframes\fonts\google-sans-flex)
[INFO] [Compiler] Fetched 77 font face(s) for "Inter" from Google Fonts (cached to C:\Users\iknow\.cache\hyperframes\fonts\inter)
[INFO] [Compiler] Fetched 90 font face(s) for "Google Sans Flex" from Google Fonts (cached to C:\Users\iknow\.cache\hyperframes\fonts\google-sans-flex)
[INFO] [Compiler] Fetched 20 font face(s) for "Helvetica Neue" from Google Fonts (cached to C:\Users\iknow\.cache\hyperframes\fonts\helvetica-neue)
[INFO] [Compiler] Injected deterministic @font-face rules for 3 requested font families
[INFO] [Compiler] Fetched 77 font face(s) for "Inter" from Google Fonts (cached to C:\Users\iknow\.cache\hyperframes\fonts\inter)
[INFO] [Compiler] Fetched 20 font face(s) for "Helvetica Neue" from Google Fonts (cached to C:\Users\iknow\.cache\hyperframes\fonts\helvetica-neue)
[INFO] [Compiler] Injected deterministic @font-face rules for 3 requested font families
[INFO] [Compiler] Fetched 90 font face(s) for "Google Sans Flex" from Google Fonts (cached to C:\Users\iknow\.cache\hyperframes\fonts\google-sans-flex)
[INFO] [Compiler] Fetched 77 font face(s) for "Inter" from Google Fonts (cached to C:\Users\iknow\.cache\hyperframes\fonts\inter)
[INFO] [Compiler] Fetched 20 font face(s) for "Helvetica Neue" from Google Fonts (cached to C:\Users\iknow\.cache\hyperframes\fonts\helvetica-neue)
[INFO] [Compiler] Injected deterministic @font-face rules for 3 requested font families
[INFO] [Compiler] Fetched 90 font face(s) for "Google Sans Flex" from Google Fonts (cached to C:\Users\iknow\.cache\hyperframes\fonts\google-sans-flex)
[INFO] [Compiler] Fetched 77 font face(s) for "Inter" from Google Fonts (cached to C:\Users\iknow\.cache\hyperframes\fonts\inter)
[INFO] [Compiler] Fetched 20 font face(s) for "Helvetica Neue" from Google Fonts (cached to C:\Users\iknow\.cache\hyperframes\fonts\helvetica-neue)
[INFO] [Compiler] Injected deterministic @font-face rules for 3 requested font families
[INFO] [Compiler] Fetched 90 font face(s) for "Google Sans Flex" from Google Fonts (cached to C:\Users\iknow\.cache\hyperframes\fonts\google-sans-flex)
[INFO] [Compiler] Fetched 77 font face(s) for "Inter" from Google Fonts (cached to C:\Users\iknow\.cache\hyperframes\fonts\inter)
[INFO] [Compiler] Fetched 20 font face(s) for "Helvetica Neue" from Google Fonts (cached to C:\Users\iknow\.cache\hyperframes\fonts\helvetica-neue)
[INFO] [Compiler] Injected deterministic @font-face rules for 3 requested font families
[INFO] [Compiler] Fetched 90 font face(s) for "Google Sans Flex" from Google Fonts (cached to C:\Users\iknow\.cache\hyperframes\fonts\google-sans-flex)
[INFO] [Compiler] Fetched 90 font face(s) for "Google Sans Flex" from Google Fonts (cached to C:\Users\iknow\.cache\hyperframes\fonts\google-sans-flex)
[INFO] [Compiler] Fetched 77 font face(s) for "Inter" from Google Fonts (cached to C:\Users\iknow\.cache\hyperframes\fonts\inter)
[INFO] [Compiler] Fetched 77 font face(s) for "Inter" from Google Fonts (cached to C:\Users\iknow\.cache\hyperframes\fonts\inter)
[INFO] [Compiler] Fetched 20 font face(s) for "Helvetica Neue" from Google Fonts (cached to C:\Users\iknow\.cache\hyperframes\fonts\helvetica-neue)
[INFO] [Compiler] Injected deterministic @font-face rules for 3 requested font families
[INFO] [Compiler] Fetched 20 font face(s) for "Helvetica Neue" from Google Fonts (cached to C:\Users\iknow\.cache\hyperframes\fonts\helvetica-neue)
[INFO] [Compiler] Injected deterministic @font-face rules for 3 requested font families
[INFO] [Compiler] Fetched 90 font face(s) for "Google Sans Flex" from Google Fonts (cached to C:\Users\iknow\.cache\hyperframes\fonts\google-sans-flex)
[INFO] [Compiler] Fetched 77 font face(s) for "Inter" from Google Fonts (cached to C:\Users\iknow\.cache\hyperframes\fonts\inter)
[INFO] [Compiler] Fetched 90 font face(s) for "Google Sans Flex" from Google Fonts (cached to C:\Users\iknow\.cache\hyperframes\fonts\google-sans-flex)
[INFO] [Compiler] Fetched 20 font face(s) for "Helvetica Neue" from Google Fonts (cached to C:\Users\iknow\.cache\hyperframes\fonts\helvetica-neue)
[INFO] [Compiler] Injected deterministic @font-face rules for 3 requested font families
[INFO] [Compiler] Fetched 77 font face(s) for "Inter" from Google Fonts (cached to C:\Users\iknow\.cache\hyperframes\fonts\inter)
[INFO] [Compiler] Fetched 90 font face(s) for "Google Sans Flex" from Google Fonts (cached to C:\Users\iknow\.cache\hyperframes\fonts\google-sans-flex)
[INFO] [Compiler] Fetched 20 font face(s) for "Helvetica Neue" from Google Fonts (cached to C:\Users\iknow\.cache\hyperframes\fonts\helvetica-neue)
[INFO] [Compiler] Injected deterministic @font-face rules for 3 requested font families
[INFO] [Compiler] Fetched 77 font face(s) for "Inter" from Google Fonts (cached to C:\Users\iknow\.cache\hyperframes\fonts\inter)
[INFO] [Compiler] Fetched 20 font face(s) for "Helvetica Neue" from Google Fonts (cached to C:\Users\iknow\.cache\hyperframes\fonts\helvetica-neue)
[INFO] [Compiler] Injected deterministic @font-face rules for 3 requested font families
[INFO] [Compiler] Fetched 90 font face(s) for "Google Sans Flex" from Google Fonts (cached to C:\Users\iknow\.cache\hyperframes\fonts\google-sans-flex)
[INFO] [Compiler] Fetched 77 font face(s) for "Inter" from Google Fonts (cached to C:\Users\iknow\.cache\hyperframes\fonts\inter)
[INFO] [Compiler] Fetched 20 font face(s) for "Helvetica Neue" from Google Fonts (cached to C:\Users\iknow\.cache\hyperframes\fonts\helvetica-neue)
[INFO] [Compiler] Injected deterministic @font-face rules for 3 requested font families
[INFO] [Compiler] Fetched 90 font face(s) for "Google Sans Flex" from Google Fonts (cached to C:\Users\iknow\.cache\hyperframes\fonts\google-sans-flex)
[INFO] [Compiler] Fetched 90 font face(s) for "Google Sans Flex" from Google Fonts (cached to C:\Users\iknow\.cache\hyperframes\fonts\google-sans-flex)
[INFO] [Compiler] Fetched 77 font face(s) for "Inter" from Google Fonts (cached to C:\Users\iknow\.cache\hyperframes\fonts\inter)
[INFO] [Compiler] Fetched 77 font face(s) for "Inter" from Google Fonts (cached to C:\Users\iknow\.cache\hyperframes\fonts\inter)
[INFO] [Compiler] Fetched 20 font face(s) for "Helvetica Neue" from Google Fonts (cached to C:\Users\iknow\.cache\hyperframes\fonts\helvetica-neue)
[INFO] [Compiler] Injected deterministic @font-face rules for 3 requested font families
[INFO] [Compiler] Fetched 20 font face(s) for "Helvetica Neue" from Google Fonts (cached to C:\Users\iknow\.cache\hyperframes\fonts\helvetica-neue)
[INFO] [Compiler] Injected deterministic @font-face rules for 3 requested font families
[INFO] [Compiler] Fetched 90 font face(s) for "Google Sans Flex" from Google Fonts (cached to C:\Users\iknow\.cache\hyperframes\fonts\google-sans-flex)
[INFO] [Compiler] Fetched 77 font face(s) for "Inter" from Google Fonts (cached to C:\Users\iknow\.cache\hyperframes\fonts\inter)
[INFO] [Compiler] Fetched 20 font face(s) for "Helvetica Neue" from Google Fonts (cached to C:\Users\iknow\.cache\hyperframes\fonts\helvetica-neue)
[INFO] [Compiler] Injected deterministic @font-face rules for 3 requested font families
[INFO] [Compiler] Fetched 90 font face(s) for "Google Sans Flex" from Google Fonts (cached to C:\Users\iknow\.cache\hyperframes\fonts\google-sans-flex)
[INFO] [Compiler] Fetched 90 font face(s) for "Google Sans Flex" from Google Fonts (cached to C:\Users\iknow\.cache\hyperframes\fonts\google-sans-flex)
[INFO] [Compiler] Fetched 90 font face(s) for "Google Sans Flex" from Google Fonts (cached to C:\Users\iknow\.cache\hyperframes\fonts\google-sans-flex)
[INFO] [Compiler] Fetched 77 font face(s) for "Inter" from Google Fonts (cached to C:\Users\iknow\.cache\hyperframes\fonts\inter)
[INFO] [Compiler] Fetched 77 font face(s) for "Inter" from Google Fonts (cached to C:\Users\iknow\.cache\hyperframes\fonts\inter)
[INFO] [Compiler] Fetched 77 font face(s) for "Inter" from Google Fonts (cached to C:\Users\iknow\.cache\hyperframes\fonts\inter)
[INFO] [Compiler] Fetched 20 font face(s) for "Helvetica Neue" from Google Fonts (cached to C:\Users\iknow\.cache\hyperframes\fonts\helvetica-neue)
[INFO] [Compiler] Injected deterministic @font-face rules for 3 requested font families
[INFO] [Compiler] Fetched 20 font face(s) for "Helvetica Neue" from Google Fonts (cached to C:\Users\iknow\.cache\hyperframes\fonts\helvetica-neue)
[INFO] [Compiler] Injected deterministic @font-face rules for 3 requested font families
[INFO] [Compiler] Fetched 20 font face(s) for "Helvetica Neue" from Google Fonts (cached to C:\Users\iknow\.cache\hyperframes\fonts\helvetica-neue)
[INFO] [Compiler] Injected deterministic @font-face rules for 3 requested font families
[INFO] [Compiler] Fetched 90 font face(s) for "Google Sans Flex" from Google Fonts (cached to C:\Users\iknow\.cache\hyperframes\fonts\google-sans-flex)
[INFO] [Compiler] Fetched 90 font face(s) for "Google Sans Flex" from Google Fonts (cached to C:\Users\iknow\.cache\hyperframes\fonts\google-sans-flex)
[INFO] [Compiler] Fetched 77 font face(s) for "Inter" from Google Fonts (cached to C:\Users\iknow\.cache\hyperframes\fonts\inter)
[INFO] [Compiler] Fetched 77 font face(s) for "Inter" from Google Fonts (cached to C:\Users\iknow\.cache\hyperframes\fonts\inter)
[INFO] [Compiler] Fetched 20 font face(s) for "Helvetica Neue" from Google Fonts (cached to C:\Users\iknow\.cache\hyperframes\fonts\helvetica-neue)
[INFO] [Compiler] Injected deterministic @font-face rules for 3 requested font families
[INFO] [Compiler] Fetched 20 font face(s) for "Helvetica Neue" from Google Fonts (cached to C:\Users\iknow\.cache\hyperframes\fonts\helvetica-neue)
[INFO] [Compiler] Injected deterministic @font-face rules for 3 requested font families
[INFO] [Compiler] Fetched 90 font face(s) for "Google Sans Flex" from Google Fonts (cached to C:\Users\iknow\.cache\hyperframes\fonts\google-sans-flex)
[INFO] [Compiler] Fetched 77 font face(s) for "Inter" from Google Fonts (cached to C:\Users\iknow\.cache\hyperframes\fonts\inter)
[INFO] [Compiler] Fetched 90 font face(s) for "Google Sans Flex" from Google Fonts (cached to C:\Users\iknow\.cache\hyperframes\fonts\google-sans-flex)
[INFO] [Compiler] Fetched 20 font face(s) for "Helvetica Neue" from Google Fonts (cached to C:\Users\iknow\.cache\hyperframes\fonts\helvetica-neue)
[INFO] [Compiler] Injected deterministic @font-face rules for 3 requested font families
[INFO] [Compiler] Fetched 77 font face(s) for "Inter" from Google Fonts (cached to C:\Users\iknow\.cache\hyperframes\fonts\inter)
[INFO] [Compiler] Fetched 90 font face(s) for "Google Sans Flex" from Google Fonts (cached to C:\Users\iknow\.cache\hyperframes\fonts\google-sans-flex)
[INFO] [Compiler] Fetched 20 font face(s) for "Helvetica Neue" from Google Fonts (cached to C:\Users\iknow\.cache\hyperframes\fonts\helvetica-neue)
[INFO] [Compiler] Injected deterministic @font-face rules for 3 requested font families
[INFO] [Compiler] Fetched 77 font face(s) for "Inter" from Google Fonts (cached to C:\Users\iknow\.cache\hyperframes\fonts\inter)
[INFO] [Compiler] Fetched 90 font face(s) for "Google Sans Flex" from Google Fonts (cached to C:\Users\iknow\.cache\hyperframes\fonts\google-sans-flex)
[INFO] [Compiler] Fetched 20 font face(s) for "Helvetica Neue" from Google Fonts (cached to C:\Users\iknow\.cache\hyperframes\fonts\helvetica-neue)
[INFO] [Compiler] Injected deterministic @font-face rules for 3 requested font families
[INFO] [Compiler] Fetched 77 font face(s) for "Inter" from Google Fonts (cached to C:\Users\iknow\.cache\hyperframes\fonts\inter)
[INFO] [Compiler] Fetched 20 font face(s) for "Helvetica Neue" from Google Fonts (cached to C:\Users\iknow\.cache\hyperframes\fonts\helvetica-neue)
[INFO] [Compiler] Injected deterministic @font-face rules for 3 requested font families
[INFO] [Compiler] Fetched 90 font face(s) for "Google Sans Flex" from Google Fonts (cached to C:\Users\iknow\.cache\hyperframes\fonts\google-sans-flex)
[INFO] [Compiler] Fetched 77 font face(s) for "Inter" from Google Fonts (cached to C:\Users\iknow\.cache\hyperframes\fonts\inter)
[INFO] [Compiler] Fetched 20 font face(s) for "Helvetica Neue" from Google Fonts (cached to C:\Users\iknow\.cache\hyperframes\fonts\helvetica-neue)
[INFO] [Compiler] Injected deterministic @font-face rules for 3 requested font families
[INFO] [Compiler] Fetched 90 font face(s) for "Google Sans Flex" from Google Fonts (cached to C:\Users\iknow\.cache\hyperframes\fonts\google-sans-flex)
[INFO] [Compiler] Fetched 77 font face(s) for "Inter" from Google Fonts (cached to C:\Users\iknow\.cache\hyperframes\fonts\inter)
[INFO] [Compiler] Fetched 90 font face(s) for "Google Sans Flex" from Google Fonts (cached to C:\Users\iknow\.cache\hyperframes\fonts\google-sans-flex)
[INFO] [Compiler] Fetched 20 font face(s) for "Helvetica Neue" from Google Fonts (cached to C:\Users\iknow\.cache\hyperframes\fonts\helvetica-neue)
[INFO] [Compiler] Injected deterministic @font-face rules for 3 requested font families
[INFO] [Compiler] Fetched 77 font face(s) for "Inter" from Google Fonts (cached to C:\Users\iknow\.cache\hyperframes\fonts\inter)
[INFO] [Compiler] Fetched 90 font face(s) for "Google Sans Flex" from Google Fonts (cached to C:\Users\iknow\.cache\hyperframes\fonts\google-sans-flex)
[INFO] [Compiler] Fetched 20 font face(s) for "Helvetica Neue" from Google Fonts (cached to C:\Users\iknow\.cache\hyperframes\fonts\helvetica-neue)
[INFO] [Compiler] Injected deterministic @font-face rules for 3 requested font families
[INFO] [Compiler] Fetched 77 font face(s) for "Inter" from Google Fonts (cached to C:\Users\iknow\.cache\hyperframes\fonts\inter)
[INFO] [Compiler] Fetched 90 font face(s) for "Google Sans Flex" from Google Fonts (cached to C:\Users\iknow\.cache\hyperframes\fonts\google-sans-flex)
[INFO] [Compiler] Fetched 20 font face(s) for "Helvetica Neue" from Google Fonts (cached to C:\Users\iknow\.cache\hyperframes\fonts\helvetica-neue)
[INFO] [Compiler] Injected deterministic @font-face rules for 3 requested font families
[INFO] [Compiler] Fetched 77 font face(s) for "Inter" from Google Fonts (cached to C:\Users\iknow\.cache\hyperframes\fonts\inter)
[INFO] [Compiler] Fetched 20 font face(s) for "Helvetica Neue" from Google Fonts (cached to C:\Users\iknow\.cache\hyperframes\fonts\helvetica-neue)
[INFO] [Compiler] Injected deterministic @font-face rules for 3 requested font families
[INFO] [Compiler] Fetched 90 font face(s) for "Google Sans Flex" from Google Fonts (cached to C:\Users\iknow\.cache\hyperframes\fonts\google-sans-flex)
[INFO] [Compiler] Fetched 77 font face(s) for "Inter" from Google Fonts (cached to C:\Users\iknow\.cache\hyperframes\fonts\inter)
[INFO] [Compiler] Fetched 20 font face(s) for "Helvetica Neue" from Google Fonts (cached to C:\Users\iknow\.cache\hyperframes\fonts\helvetica-neue)
[INFO] [Compiler] Injected deterministic @font-face rules for 3 requested font families
[INFO] [Compiler] Fetched 90 font face(s) for "Google Sans Flex" from Google Fonts (cached to C:\Users\iknow\.cache\hyperframes\fonts\google-sans-flex)
[INFO] [Compiler] Fetched 77 font face(s) for "Inter" from Google Fonts (cached to C:\Users\iknow\.cache\hyperframes\fonts\inter)
[INFO] [Compiler] Fetched 90 font face(s) for "Google Sans Flex" from Google Fonts (cached to C:\Users\iknow\.cache\hyperframes\fonts\google-sans-flex)
[INFO] [Compiler] Fetched 20 font face(s) for "Helvetica Neue" from Google Fonts (cached to C:\Users\iknow\.cache\hyperframes\fonts\helvetica-neue)
[INFO] [Compiler] Injected deterministic @font-face rules for 3 requested font families
[INFO] [Compiler] Fetched 77 font face(s) for "Inter" from Google Fonts (cached to C:\Users\iknow\.cache\hyperframes\fonts\inter)
[INFO] [Compiler] Fetched 20 font face(s) for "Helvetica Neue" from Google Fonts (cached to C:\Users\iknow\.cache\hyperframes\fonts\helvetica-neue)
[INFO] [Compiler] Injected deterministic @font-face rules for 3 requested font families
[INFO] [Compiler] Fetched 90 font face(s) for "Google Sans Flex" from Google Fonts (cached to C:\Users\iknow\.cache\hyperframes\fonts\google-sans-flex)
[INFO] [Compiler] Fetched 77 font face(s) for "Inter" from Google Fonts (cached to C:\Users\iknow\.cache\hyperframes\fonts\inter)
[INFO] [Compiler] Fetched 90 font face(s) for "Google Sans Flex" from Google Fonts (cached to C:\Users\iknow\.cache\hyperframes\fonts\google-sans-flex)
[INFO] [Compiler] Fetched 20 font face(s) for "Helvetica Neue" from Google Fonts (cached to C:\Users\iknow\.cache\hyperframes\fonts\helvetica-neue)
[INFO] [Compiler] Injected deterministic @font-face rules for 3 requested font families
[INFO] [Compiler] Fetched 77 font face(s) for "Inter" from Google Fonts (cached to C:\Users\iknow\.cache\hyperframes\fonts\inter)
[INFO] [Compiler] Fetched 20 font face(s) for "Helvetica Neue" from Google Fonts (cached to C:\Users\iknow\.cache\hyperframes\fonts\helvetica-neue)
[INFO] [Compiler] Injected deterministic @font-face rules for 3 requested font families
[INFO] [Compiler] Fetched 90 font face(s) for "Google Sans Flex" from Google Fonts (cached to C:\Users\iknow\.cache\hyperframes\fonts\google-sans-flex)
[INFO] [Compiler] Fetched 77 font face(s) for "Inter" from Google Fonts (cached to C:\Users\iknow\.cache\hyperframes\fonts\inter)
[INFO] [Compiler] Fetched 90 font face(s) for "Google Sans Flex" from Google Fonts (cached to C:\Users\iknow\.cache\hyperframes\fonts\google-sans-flex)
[INFO] [Compiler] Fetched 20 font face(s) for "Helvetica Neue" from Google Fonts (cached to C:\Users\iknow\.cache\hyperframes\fonts\helvetica-neue)
[INFO] [Compiler] Injected deterministic @font-face rules for 3 requested font families
[INFO] [Compiler] Fetched 77 font face(s) for "Inter" from Google Fonts (cached to C:\Users\iknow\.cache\hyperframes\fonts\inter)
[INFO] [Compiler] Fetched 90 font face(s) for "Google Sans Flex" from Google Fonts (cached to C:\Users\iknow\.cache\hyperframes\fonts\google-sans-flex)
[INFO] [Compiler] Fetched 20 font face(s) for "Helvetica Neue" from Google Fonts (cached to C:\Users\iknow\.cache\hyperframes\fonts\helvetica-neue)
[INFO] [Compiler] Injected deterministic @font-face rules for 3 requested font families
[INFO] [Compiler] Fetched 77 font face(s) for "Inter" from Google Fonts (cached to C:\Users\iknow\.cache\hyperframes\fonts\inter)
[INFO] [Compiler] Fetched 90 font face(s) for "Google Sans Flex" from Google Fonts (cached to C:\Users\iknow\.cache\hyperframes\fonts\google-sans-flex)
[INFO] [Compiler] Fetched 20 font face(s) for "Helvetica Neue" from Google Fonts (cached to C:\Users\iknow\.cache\hyperframes\fonts\helvetica-neue)
[INFO] [Compiler] Injected deterministic @font-face rules for 3 requested font families
[INFO] [Compiler] Fetched 77 font face(s) for "Inter" from Google Fonts (cached to C:\Users\iknow\.cache\hyperframes\fonts\inter)
[INFO] [Compiler] Fetched 90 font face(s) for "Google Sans Flex" from Google Fonts (cached to C:\Users\iknow\.cache\hyperframes\fonts\google-sans-flex)
[INFO] [Compiler] Fetched 20 font face(s) for "Helvetica Neue" from Google Fonts (cached to C:\Users\iknow\.cache\hyperframes\fonts\helvetica-neue)
[INFO] [Compiler] Injected deterministic @font-face rules for 3 requested font families
[INFO] [Compiler] Fetched 77 font face(s) for "Inter" from Google Fonts (cached to C:\Users\iknow\.cache\hyperframes\fonts\inter)
[INFO] [Compiler] Fetched 20 font face(s) for "Helvetica Neue" from Google Fonts (cached to C:\Users\iknow\.cache\hyperframes\fonts\helvetica-neue)
[INFO] [Compiler] Injected deterministic @font-face rules for 3 requested font families
[INFO] [Compiler] Fetched 90 font face(s) for "Google Sans Flex" from Google Fonts (cached to C:\Users\iknow\.cache\hyperframes\fonts\google-sans-flex)
[INFO] [Compiler] Fetched 77 font face(s) for "Inter" from Google Fonts (cached to C:\Users\iknow\.cache\hyperframes\fonts\inter)
[INFO] [Compiler] Fetched 90 font face(s) for "Google Sans Flex" from Google Fonts (cached to C:\Users\iknow\.cache\hyperframes\fonts\google-sans-flex)
[INFO] [Compiler] Fetched 20 font face(s) for "Helvetica Neue" from Google Fonts (cached to C:\Users\iknow\.cache\hyperframes\fonts\helvetica-neue)
[INFO] [Compiler] Injected deterministic @font-face rules for 3 requested font families
[INFO] [Compiler] Fetched 77 font face(s) for "Inter" from Google Fonts (cached to C:\Users\iknow\.cache\hyperframes\fonts\inter)
[INFO] [Compiler] Fetched 90 font face(s) for "Google Sans Flex" from Google Fonts (cached to C:\Users\iknow\.cache\hyperframes\fonts\google-sans-flex)
[INFO] [Compiler] Fetched 20 font face(s) for "Helvetica Neue" from Google Fonts (cached to C:\Users\iknow\.cache\hyperframes\fonts\helvetica-neue)
[INFO] [Compiler] Injected deterministic @font-face rules for 3 requested font families
[INFO] [Compiler] Fetched 77 font face(s) for "Inter" from Google Fonts (cached to C:\Users\iknow\.cache\hyperframes\fonts\inter)
[INFO] [Compiler] Fetched 90 font face(s) for "Google Sans Flex" from Google Fonts (cached to C:\Users\iknow\.cache\hyperframes\fonts\google-sans-flex)
[INFO] [Compiler] Fetched 20 font face(s) for "Helvetica Neue" from Google Fonts (cached to C:\Users\iknow\.cache\hyperframes\fonts\helvetica-neue)
[INFO] [Compiler] Injected deterministic @font-face rules for 3 requested font families
[INFO] [Compiler] Fetched 77 font face(s) for "Inter" from Google Fonts (cached to C:\Users\iknow\.cache\hyperframes\fonts\inter)
[INFO] [Compiler] Fetched 20 font face(s) for "Helvetica Neue" from Google Fonts (cached to C:\Users\iknow\.cache\hyperframes\fonts\helvetica-neue)
[INFO] [Compiler] Injected deterministic @font-face rules for 3 requested font families
[INFO] [Compiler] Fetched 90 font face(s) for "Google Sans Flex" from Google Fonts (cached to C:\Users\iknow\.cache\hyperframes\fonts\google-sans-flex)
[INFO] [Compiler] Fetched 77 font face(s) for "Inter" from Google Fonts (cached to C:\Users\iknow\.cache\hyperframes\fonts\inter)
[INFO] [Compiler] Fetched 90 font face(s) for "Google Sans Flex" from Google Fonts (cached to C:\Users\iknow\.cache\hyperframes\fonts\google-sans-flex)
[INFO] [Compiler] Fetched 20 font face(s) for "Helvetica Neue" from Google Fonts (cached to C:\Users\iknow\.cache\hyperframes\fonts\helvetica-neue)
[INFO] [Compiler] Injected deterministic @font-face rules for 3 requested font families
[INFO] [Compiler] Fetched 77 font face(s) for "Inter" from Google Fonts (cached to C:\Users\iknow\.cache\hyperframes\fonts\inter)
[INFO] [Compiler] Fetched 20 font face(s) for "Helvetica Neue" from Google Fonts (cached to C:\Users\iknow\.cache\hyperframes\fonts\helvetica-neue)
[INFO] [Compiler] Injected deterministic @font-face rules for 3 requested font families
[INFO] [Compiler] Fetched 90 font face(s) for "Google Sans Flex" from Google Fonts (cached to C:\Users\iknow\.cache\hyperframes\fonts\google-sans-flex)
[INFO] [Compiler] Fetched 77 font face(s) for "Inter" from Google Fonts (cached to C:\Users\iknow\.cache\hyperframes\fonts\inter)
[INFO] [Compiler] Fetched 20 font face(s) for "Helvetica Neue" from Google Fonts (cached to C:\Users\iknow\.cache\hyperframes\fonts\helvetica-neue)
[INFO] [Compiler] Injected deterministic @font-face rules for 3 requested font families
[INFO] [Compiler] Fetched 90 font face(s) for "Google Sans Flex" from Google Fonts (cached to C:\Users\iknow\.cache\hyperframes\fonts\google-sans-flex)
[INFO] [Compiler] Fetched 77 font face(s) for "Inter" from Google Fonts (cached to C:\Users\iknow\.cache\hyperframes\fonts\inter)
[INFO] [Compiler] Fetched 90 font face(s) for "Google Sans Flex" from Google Fonts (cached to C:\Users\iknow\.cache\hyperframes\fonts\google-sans-flex)
[INFO] [Compiler] Fetched 20 font face(s) for "Helvetica Neue" from Google Fonts (cached to C:\Users\iknow\.cache\hyperframes\fonts\helvetica-neue)
[INFO] [Compiler] Injected deterministic @font-face rules for 3 requested font families
[INFO] [Compiler] Fetched 77 font face(s) for "Inter" from Google Fonts (cached to C:\Users\iknow\.cache\hyperframes\fonts\inter)
[INFO] [Compiler] Fetched 90 font face(s) for "Google Sans Flex" from Google Fonts (cached to C:\Users\iknow\.cache\hyperframes\fonts\google-sans-flex)
[INFO] [Compiler] Fetched 20 font face(s) for "Helvetica Neue" from Google Fonts (cached to C:\Users\iknow\.cache\hyperframes\fonts\helvetica-neue)
[INFO] [Compiler] Injected deterministic @font-face rules for 3 requested font families
[INFO] [Compiler] Fetched 77 font face(s) for "Inter" from Google Fonts (cached to C:\Users\iknow\.cache\hyperframes\fonts\inter)
[INFO] [Compiler] Fetched 20 font face(s) for "Helvetica Neue" from Google Fonts (cached to C:\Users\iknow\.cache\hyperframes\fonts\helvetica-neue)
[INFO] [Compiler] Injected deterministic @font-face rules for 3 requested font families
[INFO] [Compiler] Fetched 90 font face(s) for "Google Sans Flex" from Google Fonts (cached to C:\Users\iknow\.cache\hyperframes\fonts\google-sans-flex)
[INFO] [Compiler] Fetched 77 font face(s) for "Inter" from Google Fonts (cached to C:\Users\iknow\.cache\hyperframes\fonts\inter)
[INFO] [Compiler] Fetched 90 font face(s) for "Google Sans Flex" from Google Fonts (cached to C:\Users\iknow\.cache\hyperframes\fonts\google-sans-flex)
[INFO] [Compiler] Fetched 20 font face(s) for "Helvetica Neue" from Google Fonts (cached to C:\Users\iknow\.cache\hyperframes\fonts\helvetica-neue)
[INFO] [Compiler] Injected deterministic @font-face rules for 3 requested font families
[INFO] [Compiler] Fetched 77 font face(s) for "Inter" from Google Fonts (cached to C:\Users\iknow\.cache\hyperframes\fonts\inter)
[INFO] [Compiler] Fetched 90 font face(s) for "Google Sans Flex" from Google Fonts (cached to C:\Users\iknow\.cache\hyperframes\fonts\google-sans-flex)
[INFO] [Compiler] Fetched 20 font face(s) for "Helvetica Neue" from Google Fonts (cached to C:\Users\iknow\.cache\hyperframes\fonts\helvetica-neue)
[INFO] [Compiler] Injected deterministic @font-face rules for 3 requested font families
[INFO] [Compiler] Fetched 77 font face(s) for "Inter" from Google Fonts (cached to C:\Users\iknow\.cache\hyperframes\fonts\inter)
[INFO] [Compiler] Fetched 90 font face(s) for "Google Sans Flex" from Google Fonts (cached to C:\Users\iknow\.cache\hyperframes\fonts\google-sans-flex)
[INFO] [Compiler] Fetched 20 font face(s) for "Helvetica Neue" from Google Fonts (cached to C:\Users\iknow\.cache\hyperframes\fonts\helvetica-neue)
[INFO] [Compiler] Injected deterministic @font-face rules for 3 requested font families
[INFO] [Compiler] Fetched 77 font face(s) for "Inter" from Google Fonts (cached to C:\Users\iknow\.cache\hyperframes\fonts\inter)
[INFO] [Compiler] Fetched 90 font face(s) for "Google Sans Flex" from Google Fonts (cached to C:\Users\iknow\.cache\hyperframes\fonts\google-sans-flex)
[INFO] [Compiler] Fetched 20 font face(s) for "Helvetica Neue" from Google Fonts (cached to C:\Users\iknow\.cache\hyperframes\fonts\helvetica-neue)
[INFO] [Compiler] Injected deterministic @font-face rules for 3 requested font families
[INFO] [Compiler] Fetched 77 font face(s) for "Inter" from Google Fonts (cached to C:\Users\iknow\.cache\hyperframes\fonts\inter)
[INFO] [Compiler] Fetched 90 font face(s) for "Google Sans Flex" from Google Fonts (cached to C:\Users\iknow\.cache\hyperframes\fonts\google-sans-flex)
[INFO] [Compiler] Fetched 20 font face(s) for "Helvetica Neue" from Google Fonts (cached to C:\Users\iknow\.cache\hyperframes\fonts\helvetica-neue)
[INFO] [Compiler] Injected deterministic @font-face rules for 3 requested font families
[INFO] [Compiler] Fetched 77 font face(s) for "Inter" from Google Fonts (cached to C:\Users\iknow\.cache\hyperframes\fonts\inter)
[INFO] [Compiler] Fetched 90 font face(s) for "Google Sans Flex" from Google Fonts (cached to C:\Users\iknow\.cache\hyperframes\fonts\google-sans-flex)
[INFO] [Compiler] Fetched 20 font face(s) for "Helvetica Neue" from Google Fonts (cached to C:\Users\iknow\.cache\hyperframes\fonts\helvetica-neue)
[INFO] [Compiler] Injected deterministic @font-face rules for 3 requested font families
[INFO] [Compiler] Fetched 77 font face(s) for "Inter" from Google Fonts (cached to C:\Users\iknow\.cache\hyperframes\fonts\inter)
[INFO] [Compiler] Fetched 90 font face(s) for "Google Sans Flex" from Google Fonts (cached to C:\Users\iknow\.cache\hyperframes\fonts\google-sans-flex)
[INFO] [Compiler] Fetched 20 font face(s) for "Helvetica Neue" from Google Fonts (cached to C:\Users\iknow\.cache\hyperframes\fonts\helvetica-neue)
[INFO] [Compiler] Injected deterministic @font-face rules for 3 requested font families
[INFO] [Compiler] Fetched 77 font face(s) for "Inter" from Google Fonts (cached to C:\Users\iknow\.cache\hyperframes\fonts\inter)
[INFO] [Compiler] Fetched 20 font face(s) for "Helvetica Neue" from Google Fonts (cached to C:\Users\iknow\.cache\hyperframes\fonts\helvetica-neue)
[INFO] [Compiler] Injected deterministic @font-face rules for 3 requested font families
[INFO] [Compiler] Fetched 90 font face(s) for "Google Sans Flex" from Google Fonts (cached to C:\Users\iknow\.cache\hyperframes\fonts\google-sans-flex)
[INFO] [Compiler] Fetched 77 font face(s) for "Inter" from Google Fonts (cached to C:\Users\iknow\.cache\hyperframes\fonts\inter)
[INFO] [Compiler] Fetched 90 font face(s) for "Google Sans Flex" from Google Fonts (cached to C:\Users\iknow\.cache\hyperframes\fonts\google-sans-flex)
[INFO] [Compiler] Fetched 20 font face(s) for "Helvetica Neue" from Google Fonts (cached to C:\Users\iknow\.cache\hyperframes\fonts\helvetica-neue)
[INFO] [Compiler] Injected deterministic @font-face rules for 3 requested font families
[INFO] [Compiler] Fetched 77 font face(s) for "Inter" from Google Fonts (cached to C:\Users\iknow\.cache\hyperframes\fonts\inter)
[INFO] [Compiler] Fetched 20 font face(s) for "Helvetica Neue" from Google Fonts (cached to C:\Users\iknow\.cache\hyperframes\fonts\helvetica-neue)
[INFO] [Compiler] Injected deterministic @font-face rules for 3 requested font families
[INFO] [Compiler] Fetched 90 font face(s) for "Google Sans Flex" from Google Fonts (cached to C:\Users\iknow\.cache\hyperframes\fonts\google-sans-flex)
[INFO] [Compiler] Fetched 77 font face(s) for "Inter" from Google Fonts (cached to C:\Users\iknow\.cache\hyperframes\fonts\inter)
[INFO] [Compiler] Fetched 20 font face(s) for "Helvetica Neue" from Google Fonts (cached to C:\Users\iknow\.cache\hyperframes\fonts\helvetica-neue)
[INFO] [Compiler] Injected deterministic @font-face rules for 3 requested font families
[INFO] [Compiler] Fetched 90 font face(s) for "Google Sans Flex" from Google Fonts (cached to C:\Users\iknow\.cache\hyperframes\fonts\google-sans-flex)
[INFO] [Compiler] Fetched 77 font face(s) for "Inter" from Google Fonts (cached to C:\Users\iknow\.cache\hyperframes\fonts\inter)
[INFO] [Compiler] Fetched 90 font face(s) for "Google Sans Flex" from Google Fonts (cached to C:\Users\iknow\.cache\hyperframes\fonts\google-sans-flex)
[INFO] [Compiler] Fetched 20 font face(s) for "Helvetica Neue" from Google Fonts (cached to C:\Users\iknow\.cache\hyperframes\fonts\helvetica-neue)
[INFO] [Compiler] Injected deterministic @font-face rules for 3 requested font families
[INFO] [Compiler] Fetched 77 font face(s) for "Inter" from Google Fonts (cached to C:\Users\iknow\.cache\hyperframes\fonts\inter)
[INFO] [Compiler] Fetched 90 font face(s) for "Google Sans Flex" from Google Fonts (cached to C:\Users\iknow\.cache\hyperframes\fonts\google-sans-flex)
[INFO] [Compiler] Fetched 20 font face(s) for "Helvetica Neue" from Google Fonts (cached to C:\Users\iknow\.cache\hyperframes\fonts\helvetica-neue)
[INFO] [Compiler] Injected deterministic @font-face rules for 3 requested font families
[INFO] [Compiler] Fetched 77 font face(s) for "Inter" from Google Fonts (cached to C:\Users\iknow\.cache\hyperframes\fonts\inter)
[INFO] [Compiler] Fetched 90 font face(s) for "Google Sans Flex" from Google Fonts (cached to C:\Users\iknow\.cache\hyperframes\fonts\google-sans-flex)
[INFO] [Compiler] Fetched 20 font face(s) for "Helvetica Neue" from Google Fonts (cached to C:\Users\iknow\.cache\hyperframes\fonts\helvetica-neue)
[INFO] [Compiler] Injected deterministic @font-face rules for 3 requested font families
[INFO] [Compiler] Fetched 77 font face(s) for "Inter" from Google Fonts (cached to C:\Users\iknow\.cache\hyperframes\fonts\inter)
[INFO] [Compiler] Fetched 90 font face(s) for "Google Sans Flex" from Google Fonts (cached to C:\Users\iknow\.cache\hyperframes\fonts\google-sans-flex)
[INFO] [Compiler] Fetched 20 font face(s) for "Helvetica Neue" from Google Fonts (cached to C:\Users\iknow\.cache\hyperframes\fonts\helvetica-neue)
[INFO] [Compiler] Injected deterministic @font-face rules for 3 requested font families
[INFO] [Compiler] Fetched 77 font face(s) for "Inter" from Google Fonts (cached to C:\Users\iknow\.cache\hyperframes\fonts\inter)
[INFO] [Compiler] Fetched 20 font face(s) for "Helvetica Neue" from Google Fonts (cached to C:\Users\iknow\.cache\hyperframes\fonts\helvetica-neue)
[INFO] [Compiler] Injected deterministic @font-face rules for 3 requested font families
[INFO] [Compiler] Fetched 90 font face(s) for "Google Sans Flex" from Google Fonts (cached to C:\Users\iknow\.cache\hyperframes\fonts\google-sans-flex)
[INFO] [Compiler] Fetched 77 font face(s) for "Inter" from Google Fonts (cached to C:\Users\iknow\.cache\hyperframes\fonts\inter)
[INFO] [Compiler] Fetched 20 font face(s) for "Helvetica Neue" from Google Fonts (cached to C:\Users\iknow\.cache\hyperframes\fonts\helvetica-neue)
[INFO] [Compiler] Injected deterministic @font-face rules for 3 requested font families
[INFO] [Compiler] Fetched 90 font face(s) for "Google Sans Flex" from Google Fonts (cached to C:\Users\iknow\.cache\hyperframes\fonts\google-sans-flex)
[INFO] [Compiler] Fetched 77 font face(s) for "Inter" from Google Fonts (cached to C:\Users\iknow\.cache\hyperframes\fonts\inter)
[INFO] [Compiler] Fetched 90 font face(s) for "Google Sans Flex" from Google Fonts (cached to C:\Users\iknow\.cache\hyperframes\fonts\google-sans-flex)
[INFO] [Compiler] Fetched 20 font face(s) for "Helvetica Neue" from Google Fonts (cached to C:\Users\iknow\.cache\hyperframes\fonts\helvetica-neue)
[INFO] [Compiler] Injected deterministic @font-face rules for 3 requested font families
[INFO] [Compiler] Fetched 77 font face(s) for "Inter" from Google Fonts (cached to C:\Users\iknow\.cache\hyperframes\fonts\inter)
[INFO] [Compiler] Fetched 90 font face(s) for "Google Sans Flex" from Google Fonts (cached to C:\Users\iknow\.cache\hyperframes\fonts\google-sans-flex)
[INFO] [Compiler] Fetched 20 font face(s) for "Helvetica Neue" from Google Fonts (cached to C:\Users\iknow\.cache\hyperframes\fonts\helvetica-neue)
[INFO] [Compiler] Injected deterministic @font-face rules for 3 requested font families
[INFO] [Compiler] Fetched 77 font face(s) for "Inter" from Google Fonts (cached to C:\Users\iknow\.cache\hyperframes\fonts\inter)
[INFO] [Compiler] Fetched 90 font face(s) for "Google Sans Flex" from Google Fonts (cached to C:\Users\iknow\.cache\hyperframes\fonts\google-sans-flex)
[INFO] [Compiler] Fetched 20 font face(s) for "Helvetica Neue" from Google Fonts (cached to C:\Users\iknow\.cache\hyperframes\fonts\helvetica-neue)
[INFO] [Compiler] Injected deterministic @font-face rules for 3 requested font families
[INFO] [Compiler] Fetched 77 font face(s) for "Inter" from Google Fonts (cached to C:\Users\iknow\.cache\hyperframes\fonts\inter)
[INFO] [Compiler] Fetched 20 font face(s) for "Helvetica Neue" from Google Fonts (cached to C:\Users\iknow\.cache\hyperframes\fonts\helvetica-neue)
[INFO] [Compiler] Injected deterministic @font-face rules for 3 requested font families
[INFO] [Compiler] Fetched 90 font face(s) for "Google Sans Flex" from Google Fonts (cached to C:\Users\iknow\.cache\hyperframes\fonts\google-sans-flex)
[INFO] [Compiler] Fetched 77 font face(s) for "Inter" from Google Fonts (cached to C:\Users\iknow\.cache\hyperframes\fonts\inter)
[INFO] [Compiler] Fetched 90 font face(s) for "Google Sans Flex" from Google Fonts (cached to C:\Users\iknow\.cache\hyperframes\fonts\google-sans-flex)
[INFO] [Compiler] Fetched 20 font face(s) for "Helvetica Neue" from Google Fonts (cached to C:\Users\iknow\.cache\hyperframes\fonts\helvetica-neue)
[INFO] [Compiler] Injected deterministic @font-face rules for 3 requested font families
[INFO] [Compiler] Fetched 77 font face(s) for "Inter" from Google Fonts (cached to C:\Users\iknow\.cache\hyperframes\fonts\inter)
[INFO] [Compiler] Fetched 90 font face(s) for "Google Sans Flex" from Google Fonts (cached to C:\Users\iknow\.cache\hyperframes\fonts\google-sans-flex)
[INFO] [Compiler] Fetched 20 font face(s) for "Helvetica Neue" from Google Fonts (cached to C:\Users\iknow\.cache\hyperframes\fonts\helvetica-neue)
[INFO] [Compiler] Injected deterministic @font-face rules for 3 requested font families
[INFO] [Compiler] Fetched 77 font face(s) for "Inter" from Google Fonts (cached to C:\Users\iknow\.cache\hyperframes\fonts\inter)
[INFO] [Compiler] Fetched 90 font face(s) for "Google Sans Flex" from Google Fonts (cached to C:\Users\iknow\.cache\hyperframes\fonts\google-sans-flex)
[INFO] [Compiler] Fetched 20 font face(s) for "Helvetica Neue" from Google Fonts (cached to C:\Users\iknow\.cache\hyperframes\fonts\helvetica-neue)
[INFO] [Compiler] Injected deterministic @font-face rules for 3 requested font families
[INFO] [Compiler] Fetched 77 font face(s) for "Inter" from Google Fonts (cached to C:\Users\iknow\.cache\hyperframes\fonts\inter)
[INFO] [Compiler] Fetched 90 font face(s) for "Google Sans Flex" from Google Fonts (cached to C:\Users\iknow\.cache\hyperframes\fonts\google-sans-flex)
[INFO] [Compiler] Fetched 20 font face(s) for "Helvetica Neue" from Google Fonts (cached to C:\Users\iknow\.cache\hyperframes\fonts\helvetica-neue)
[INFO] [Compiler] Injected deterministic @font-face rules for 3 requested font families
[INFO] [Compiler] Fetched 77 font face(s) for "Inter" from Google Fonts (cached to C:\Users\iknow\.cache\hyperframes\fonts\inter)
[INFO] [Compiler] Fetched 90 font face(s) for "Google Sans Flex" from Google Fonts (cached to C:\Users\iknow\.cache\hyperframes\fonts\google-sans-flex)
[INFO] [Compiler] Fetched 20 font face(s) for "Helvetica Neue" from Google Fonts (cached to C:\Users\iknow\.cache\hyperframes\fonts\helvetica-neue)
[INFO] [Compiler] Injected deterministic @font-face rules for 3 requested font families
[INFO] [Compiler] Fetched 77 font face(s) for "Inter" from Google Fonts (cached to C:\Users\iknow\.cache\hyperframes\fonts\inter)
[INFO] [Compiler] Fetched 20 font face(s) for "Helvetica Neue" from Google Fonts (cached to C:\Users\iknow\.cache\hyperframes\fonts\helvetica-neue)
[INFO] [Compiler] Injected deterministic @font-face rules for 3 requested font families
[INFO] [Compiler] Fetched 90 font face(s) for "Google Sans Flex" from Google Fonts (cached to C:\Users\iknow\.cache\hyperframes\fonts\google-sans-flex)
[INFO] [Compiler] Fetched 77 font face(s) for "Inter" from Google Fonts (cached to C:\Users\iknow\.cache\hyperframes\fonts\inter)
[INFO] [Compiler] Fetched 90 font face(s) for "Google Sans Flex" from Google Fonts (cached to C:\Users\iknow\.cache\hyperframes\fonts\google-sans-flex)
[INFO] [Compiler] Fetched 20 font face(s) for "Helvetica Neue" from Google Fonts (cached to C:\Users\iknow\.cache\hyperframes\fonts\helvetica-neue)
[INFO] [Compiler] Injected deterministic @font-face rules for 3 requested font families
[INFO] [Compiler] Fetched 77 font face(s) for "Inter" from Google Fonts (cached to C:\Users\iknow\.cache\hyperframes\fonts\inter)
[INFO] [Compiler] Fetched 20 font face(s) for "Helvetica Neue" from Google Fonts (cached to C:\Users\iknow\.cache\hyperframes\fonts\helvetica-neue)
[INFO] [Compiler] Injected deterministic @font-face rules for 3 requested font families
[INFO] [Compiler] Fetched 90 font face(s) for "Google Sans Flex" from Google Fonts (cached to C:\Users\iknow\.cache\hyperframes\fonts\google-sans-flex)
[INFO] [Compiler] Fetched 77 font face(s) for "Inter" from Google Fonts (cached to C:\Users\iknow\.cache\hyperframes\fonts\inter)
[INFO] [Compiler] Fetched 90 font face(s) for "Google Sans Flex" from Google Fonts (cached to C:\Users\iknow\.cache\hyperframes\fonts\google-sans-flex)
[INFO] [Compiler] Fetched 20 font face(s) for "Helvetica Neue" from Google Fonts (cached to C:\Users\iknow\.cache\hyperframes\fonts\helvetica-neue)
[INFO] [Compiler] Injected deterministic @font-face rules for 3 requested font families
[INFO] [Compiler] Fetched 77 font face(s) for "Inter" from Google Fonts (cached to C:\Users\iknow\.cache\hyperframes\fonts\inter)
[INFO] [Compiler] Fetched 20 font face(s) for "Helvetica Neue" from Google Fonts (cached to C:\Users\iknow\.cache\hyperframes\fonts\helvetica-neue)
[INFO] [Compiler] Injected deterministic @font-face rules for 3 requested font families
[INFO] [Compiler] Fetched 90 font face(s) for "Google Sans Flex" from Google Fonts (cached to C:\Users\iknow\.cache\hyperframes\fonts\google-sans-flex)
[INFO] [Compiler] Fetched 77 font face(s) for "Inter" from Google Fonts (cached to C:\Users\iknow\.cache\hyperframes\fonts\inter)
[INFO] [Compiler] Fetched 90 font face(s) for "Google Sans Flex" from Google Fonts (cached to C:\Users\iknow\.cache\hyperframes\fonts\google-sans-flex)
[INFO] [Compiler] Fetched 20 font face(s) for "Helvetica Neue" from Google Fonts (cached to C:\Users\iknow\.cache\hyperframes\fonts\helvetica-neue)
[INFO] [Compiler] Injected deterministic @font-face rules for 3 requested font families
[INFO] [Compiler] Fetched 77 font face(s) for "Inter" from Google Fonts (cached to C:\Users\iknow\.cache\hyperframes\fonts\inter)
[INFO] [Compiler] Fetched 90 font face(s) for "Google Sans Flex" from Google Fonts (cached to C:\Users\iknow\.cache\hyperframes\fonts\google-sans-flex)
[INFO] [Compiler] Fetched 20 font face(s) for "Helvetica Neue" from Google Fonts (cached to C:\Users\iknow\.cache\hyperframes\fonts\helvetica-neue)
[INFO] [Compiler] Injected deterministic @font-face rules for 3 requested font families
[INFO] [Compiler] Fetched 77 font face(s) for "Inter" from Google Fonts (cached to C:\Users\iknow\.cache\hyperframes\fonts\inter)
[INFO] [Compiler] Fetched 20 font face(s) for "Helvetica Neue" from Google Fonts (cached to C:\Users\iknow\.cache\hyperframes\fonts\helvetica-neue)
[INFO] [Compiler] Injected deterministic @font-face rules for 3 requested font families
[INFO] [Compiler] Fetched 90 font face(s) for "Google Sans Flex" from Google Fonts (cached to C:\Users\iknow\.cache\hyperframes\fonts\google-sans-flex)
[INFO] [Compiler] Fetched 77 font face(s) for "Inter" from Google Fonts (cached to C:\Users\iknow\.cache\hyperframes\fonts\inter)
[INFO] [Compiler] Fetched 20 font face(s) for "Helvetica Neue" from Google Fonts (cached to C:\Users\iknow\.cache\hyperframes\fonts\helvetica-neue)
[INFO] [Compiler] Injected deterministic @font-face rules for 3 requested font families
[INFO] [Compiler] Fetched 90 font face(s) for "Google Sans Flex" from Google Fonts (cached to C:\Users\iknow\.cache\hyperframes\fonts\google-sans-flex)
[INFO] [Compiler] Fetched 77 font face(s) for "Inter" from Google Fonts (cached to C:\Users\iknow\.cache\hyperframes\fonts\inter)
[INFO] [Compiler] Fetched 90 font face(s) for "Google Sans Flex" from Google Fonts (cached to C:\Users\iknow\.cache\hyperframes\fonts\google-sans-flex)
[INFO] [Compiler] Fetched 20 font face(s) for "Helvetica Neue" from Google Fonts (cached to C:\Users\iknow\.cache\hyperframes\fonts\helvetica-neue)
[INFO] [Compiler] Injected deterministic @font-face rules for 3 requested font families
[INFO] [Compiler] Fetched 77 font face(s) for "Inter" from Google Fonts (cached to C:\Users\iknow\.cache\hyperframes\fonts\inter)
[INFO] [Compiler] Fetched 90 font face(s) for "Google Sans Flex" from Google Fonts (cached to C:\Users\iknow\.cache\hyperframes\fonts\google-sans-flex)
[INFO] [Compiler] Fetched 20 font face(s) for "Helvetica Neue" from Google Fonts (cached to C:\Users\iknow\.cache\hyperframes\fonts\helvetica-neue)
[INFO] [Compiler] Injected deterministic @font-face rules for 3 requested font families
[INFO] [Compiler] Fetched 77 font face(s) for "Inter" from Google Fonts (cached to C:\Users\iknow\.cache\hyperframes\fonts\inter)
[INFO] [Compiler] Fetched 20 font face(s) for "Helvetica Neue" from Google Fonts (cached to C:\Users\iknow\.cache\hyperframes\fonts\helvetica-neue)
[INFO] [Compiler] Injected deterministic @font-face rules for 3 requested font families
[INFO] [Compiler] Fetched 90 font face(s) for "Google Sans Flex" from Google Fonts (cached to C:\Users\iknow\.cache\hyperframes\fonts\google-sans-flex)
[INFO] [Compiler] Fetched 77 font face(s) for "Inter" from Google Fonts (cached to C:\Users\iknow\.cache\hyperframes\fonts\inter)
[INFO] [Compiler] Fetched 90 font face(s) for "Google Sans Flex" from Google Fonts (cached to C:\Users\iknow\.cache\hyperframes\fonts\google-sans-flex)
[INFO] [Compiler] Fetched 20 font face(s) for "Helvetica Neue" from Google Fonts (cached to C:\Users\iknow\.cache\hyperframes\fonts\helvetica-neue)
[INFO] [Compiler] Injected deterministic @font-face rules for 3 requested font families
[INFO] [Compiler] Fetched 77 font face(s) for "Inter" from Google Fonts (cached to C:\Users\iknow\.cache\hyperframes\fonts\inter)
[INFO] [Compiler] Fetched 20 font face(s) for "Helvetica Neue" from Google Fonts (cached to C:\Users\iknow\.cache\hyperframes\fonts\helvetica-neue)
[INFO] [Compiler] Injected deterministic @font-face rules for 3 requested font families
[INFO] [Compiler] Fetched 90 font face(s) for "Google Sans Flex" from Google Fonts (cached to C:\Users\iknow\.cache\hyperframes\fonts\google-sans-flex)
[INFO] [Compiler] Fetched 90 font face(s) for "Google Sans Flex" from Google Fonts (cached to C:\Users\iknow\.cache\hyperframes\fonts\google-sans-flex)
[INFO] [Compiler] Fetched 77 font face(s) for "Inter" from Google Fonts (cached to C:\Users\iknow\.cache\hyperframes\fonts\inter)
[INFO] [Compiler] Fetched 77 font face(s) for "Inter" from Google Fonts (cached to C:\Users\iknow\.cache\hyperframes\fonts\inter)
[INFO] [Compiler] Fetched 20 font face(s) for "Helvetica Neue" from Google Fonts (cached to C:\Users\iknow\.cache\hyperframes\fonts\helvetica-neue)
[INFO] [Compiler] Injected deterministic @font-face rules for 3 requested font families
[INFO] [Compiler] Fetched 20 font face(s) for "Helvetica Neue" from Google Fonts (cached to C:\Users\iknow\.cache\hyperframes\fonts\helvetica-neue)
[INFO] [Compiler] Injected deterministic @font-face rules for 3 requested font families
[INFO] [Compiler] Fetched 90 font face(s) for "Google Sans Flex" from Google Fonts (cached to C:\Users\iknow\.cache\hyperframes\fonts\google-sans-flex)
[INFO] [Compiler] Fetched 90 font face(s) for "Google Sans Flex" from Google Fonts (cached to C:\Users\iknow\.cache\hyperframes\fonts\google-sans-flex)
[INFO] [Compiler] Fetched 77 font face(s) for "Inter" from Google Fonts (cached to C:\Users\iknow\.cache\hyperframes\fonts\inter)
[INFO] [Compiler] Fetched 77 font face(s) for "Inter" from Google Fonts (cached to C:\Users\iknow\.cache\hyperframes\fonts\inter)
[INFO] [Compiler] Fetched 20 font face(s) for "Helvetica Neue" from Google Fonts (cached to C:\Users\iknow\.cache\hyperframes\fonts\helvetica-neue)
[INFO] [Compiler] Injected deterministic @font-face rules for 3 requested font families
[INFO] [Compiler] Fetched 20 font face(s) for "Helvetica Neue" from Google Fonts (cached to C:\Users\iknow\.cache\hyperframes\fonts\helvetica-neue)
[INFO] [Compiler] Injected deterministic @font-face rules for 3 requested font families
[INFO] [Compiler] Fetched 90 font face(s) for "Google Sans Flex" from Google Fonts (cached to C:\Users\iknow\.cache\hyperframes\fonts\google-sans-flex)
[INFO] [Compiler] Fetched 90 font face(s) for "Google Sans Flex" from Google Fonts (cached to C:\Users\iknow\.cache\hyperframes\fonts\google-sans-flex)
[INFO] [Compiler] Fetched 77 font face(s) for "Inter" from Google Fonts (cached to C:\Users\iknow\.cache\hyperframes\fonts\inter)
[INFO] [Compiler] Fetched 77 font face(s) for "Inter" from Google Fonts (cached to C:\Users\iknow\.cache\hyperframes\fonts\inter)
[INFO] [Compiler] Fetched 20 font face(s) for "Helvetica Neue" from Google Fonts (cached to C:\Users\iknow\.cache\hyperframes\fonts\helvetica-neue)
[INFO] [Compiler] Injected deterministic @font-face rules for 3 requested font families
[INFO] [Compiler] Fetched 20 font face(s) for "Helvetica Neue" from Google Fonts (cached to C:\Users\iknow\.cache\hyperframes\fonts\helvetica-neue)
[INFO] [Compiler] Injected deterministic @font-face rules for 3 requested font families
[INFO] [Compiler] Fetched 90 font face(s) for "Google Sans Flex" from Google Fonts (cached to C:\Users\iknow\.cache\hyperframes\fonts\google-sans-flex)
[INFO] [Compiler] Fetched 77 font face(s) for "Inter" from Google Fonts (cached to C:\Users\iknow\.cache\hyperframes\fonts\inter)
[INFO] [Compiler] Fetched 90 font face(s) for "Google Sans Flex" from Google Fonts (cached to C:\Users\iknow\.cache\hyperframes\fonts\google-sans-flex)
[INFO] [Compiler] Fetched 20 font face(s) for "Helvetica Neue" from Google Fonts (cached to C:\Users\iknow\.cache\hyperframes\fonts\helvetica-neue)
[INFO] [Compiler] Injected deterministic @font-face rules for 3 requested font families
[INFO] [Compiler] Fetched 77 font face(s) for "Inter" from Google Fonts (cached to C:\Users\iknow\.cache\hyperframes\fonts\inter)
[INFO] [Compiler] Fetched 20 font face(s) for "Helvetica Neue" from Google Fonts (cached to C:\Users\iknow\.cache\hyperframes\fonts\helvetica-neue)
[INFO] [Compiler] Injected deterministic @font-face rules for 3 requested font families
[INFO] [Compiler] Fetched 90 font face(s) for "Google Sans Flex" from Google Fonts (cached to C:\Users\iknow\.cache\hyperframes\fonts\google-sans-flex)
[INFO] [Compiler] Fetched 77 font face(s) for "Inter" from Google Fonts (cached to C:\Users\iknow\.cache\hyperframes\fonts\inter)
[INFO] [Compiler] Fetched 20 font face(s) for "Helvetica Neue" from Google Fonts (cached to C:\Users\iknow\.cache\hyperframes\fonts\helvetica-neue)
[INFO] [Compiler] Injected deterministic @font-face rules for 3 requested font families
[INFO] [Compiler] Fetched 90 font face(s) for "Google Sans Flex" from Google Fonts (cached to C:\Users\iknow\.cache\hyperframes\fonts\google-sans-flex)
[INFO] [Compiler] Fetched 77 font face(s) for "Inter" from Google Fonts (cached to C:\Users\iknow\.cache\hyperframes\fonts\inter)
[INFO] [Compiler] Fetched 90 font face(s) for "Google Sans Flex" from Google Fonts (cached to C:\Users\iknow\.cache\hyperframes\fonts\google-sans-flex)
[INFO] [Compiler] Fetched 20 font face(s) for "Helvetica Neue" from Google Fonts (cached to C:\Users\iknow\.cache\hyperframes\fonts\helvetica-neue)
[INFO] [Compiler] Injected deterministic @font-face rules for 3 requested font families
[INFO] [Compiler] Fetched 77 font face(s) for "Inter" from Google Fonts (cached to C:\Users\iknow\.cache\hyperframes\fonts\inter)
[INFO] [Compiler] Fetched 90 font face(s) for "Google Sans Flex" from Google Fonts (cached to C:\Users\iknow\.cache\hyperframes\fonts\google-sans-flex)
[INFO] [Compiler] Fetched 20 font face(s) for "Helvetica Neue" from Google Fonts (cached to C:\Users\iknow\.cache\hyperframes\fonts\helvetica-neue)
[INFO] [Compiler] Injected deterministic @font-face rules for 3 requested font families
[INFO] [Compiler] Fetched 77 font face(s) for "Inter" from Google Fonts (cached to C:\Users\iknow\.cache\hyperframes\fonts\inter)
[INFO] [Compiler] Fetched 20 font face(s) for "Helvetica Neue" from Google Fonts (cached to C:\Users\iknow\.cache\hyperframes\fonts\helvetica-neue)
[INFO] [Compiler] Injected deterministic @font-face rules for 3 requested font families
[INFO] [Compiler] Fetched 90 font face(s) for "Google Sans Flex" from Google Fonts (cached to C:\Users\iknow\.cache\hyperframes\fonts\google-sans-flex)
[INFO] [Compiler] Fetched 77 font face(s) for "Inter" from Google Fonts (cached to C:\Users\iknow\.cache\hyperframes\fonts\inter)
[INFO] [Compiler] Fetched 20 font face(s) for "Helvetica Neue" from Google Fonts (cached to C:\Users\iknow\.cache\hyperframes\fonts\helvetica-neue)
[INFO] [Compiler] Injected deterministic @font-face rules for 3 requested font families
[INFO] [Compiler] Fetched 90 font face(s) for "Google Sans Flex" from Google Fonts (cached to C:\Users\iknow\.cache\hyperframes\fonts\google-sans-flex)
[INFO] [Compiler] Fetched 77 font face(s) for "Inter" from Google Fonts (cached to C:\Users\iknow\.cache\hyperframes\fonts\inter)
[INFO] [Compiler] Fetched 90 font face(s) for "Google Sans Flex" from Google Fonts (cached to C:\Users\iknow\.cache\hyperframes\fonts\google-sans-flex)
[INFO] [Compiler] Fetched 20 font face(s) for "Helvetica Neue" from Google Fonts (cached to C:\Users\iknow\.cache\hyperframes\fonts\helvetica-neue)
[INFO] [Compiler] Injected deterministic @font-face rules for 3 requested font families
[INFO] [Compiler] Fetched 77 font face(s) for "Inter" from Google Fonts (cached to C:\Users\iknow\.cache\hyperframes\fonts\inter)
[INFO] [Compiler] Fetched 20 font face(s) for "Helvetica Neue" from Google Fonts (cached to C:\Users\iknow\.cache\hyperframes\fonts\helvetica-neue)
[INFO] [Compiler] Injected deterministic @font-face rules for 3 requested font families
[INFO] [Compiler] Fetched 90 font face(s) for "Google Sans Flex" from Google Fonts (cached to C:\Users\iknow\.cache\hyperframes\fonts\google-sans-flex)
[INFO] [Compiler] Fetched 77 font face(s) for "Inter" from Google Fonts (cached to C:\Users\iknow\.cache\hyperframes\fonts\inter)
[INFO] [Compiler] Fetched 90 font face(s) for "Google Sans Flex" from Google Fonts (cached to C:\Users\iknow\.cache\hyperframes\fonts\google-sans-flex)
[INFO] [Compiler] Fetched 20 font face(s) for "Helvetica Neue" from Google Fonts (cached to C:\Users\iknow\.cache\hyperframes\fonts\helvetica-neue)
[INFO] [Compiler] Injected deterministic @font-face rules for 3 requested font families
[INFO] [Compiler] Fetched 77 font face(s) for "Inter" from Google Fonts (cached to C:\Users\iknow\.cache\hyperframes\fonts\inter)
[INFO] [Compiler] Fetched 20 font face(s) for "Helvetica Neue" from Google Fonts (cached to C:\Users\iknow\.cache\hyperframes\fonts\helvetica-neue)
[INFO] [Compiler] Injected deterministic @font-face rules for 3 requested font families
[INFO] [Compiler] Fetched 90 font face(s) for "Google Sans Flex" from Google Fonts (cached to C:\Users\iknow\.cache\hyperframes\fonts\google-sans-flex)
[INFO] [Compiler] Fetched 77 font face(s) for "Inter" from Google Fonts (cached to C:\Users\iknow\.cache\hyperframes\fonts\inter)
[INFO] [Compiler] Fetched 20 font face(s) for "Helvetica Neue" from Google Fonts (cached to C:\Users\iknow\.cache\hyperframes\fonts\helvetica-neue)
[INFO] [Compiler] Injected deterministic @font-face rules for 3 requested font families
[INFO] [Compiler] Fetched 90 font face(s) for "Google Sans Flex" from Google Fonts (cached to C:\Users\iknow\.cache\hyperframes\fonts\google-sans-flex)
[INFO] [Compiler] Fetched 77 font face(s) for "Inter" from Google Fonts (cached to C:\Users\iknow\.cache\hyperframes\fonts\inter)
[INFO] [Compiler] Fetched 90 font face(s) for "Google Sans Flex" from Google Fonts (cached to C:\Users\iknow\.cache\hyperframes\fonts\google-sans-flex)
[INFO] [Compiler] Fetched 20 font face(s) for "Helvetica Neue" from Google Fonts (cached to C:\Users\iknow\.cache\hyperframes\fonts\helvetica-neue)
[INFO] [Compiler] Injected deterministic @font-face rules for 3 requested font families
[INFO] [Compiler] Fetched 77 font face(s) for "Inter" from Google Fonts (cached to C:\Users\iknow\.cache\hyperframes\fonts\inter)
[INFO] [Compiler] Fetched 90 font face(s) for "Google Sans Flex" from Google Fonts (cached to C:\Users\iknow\.cache\hyperframes\fonts\google-sans-flex)
[INFO] [Compiler] Fetched 20 font face(s) for "Helvetica Neue" from Google Fonts (cached to C:\Users\iknow\.cache\hyperframes\fonts\helvetica-neue)
[INFO] [Compiler] Injected deterministic @font-face rules for 3 requested font families
[INFO] [Compiler] Fetched 77 font face(s) for "Inter" from Google Fonts (cached to C:\Users\iknow\.cache\hyperframes\fonts\inter)
[INFO] [Compiler] Fetched 20 font face(s) for "Helvetica Neue" from Google Fonts (cached to C:\Users\iknow\.cache\hyperframes\fonts\helvetica-neue)
[INFO] [Compiler] Injected deterministic @font-face rules for 3 requested font families
[INFO] [Compiler] Fetched 90 font face(s) for "Google Sans Flex" from Google Fonts (cached to C:\Users\iknow\.cache\hyperframes\fonts\google-sans-flex)
[INFO] [Compiler] Fetched 77 font face(s) for "Inter" from Google Fonts (cached to C:\Users\iknow\.cache\hyperframes\fonts\inter)
[INFO] [Compiler] Fetched 20 font face(s) for "Helvetica Neue" from Google Fonts (cached to C:\Users\iknow\.cache\hyperframes\fonts\helvetica-neue)
[INFO] [Compiler] Injected deterministic @font-face rules for 3 requested font families
[INFO] [Compiler] Fetched 90 font face(s) for "Google Sans Flex" from Google Fonts (cached to C:\Users\iknow\.cache\hyperframes\fonts\google-sans-flex)
[INFO] [Compiler] Fetched 77 font face(s) for "Inter" from Google Fonts (cached to C:\Users\iknow\.cache\hyperframes\fonts\inter)
[INFO] [Compiler] Fetched 20 font face(s) for "Helvetica Neue" from Google Fonts (cached to C:\Users\iknow\.cache\hyperframes\fonts\helvetica-neue)
[INFO] [Compiler] Injected deterministic @font-face rules for 3 requested font families
[INFO] [Compiler] Fetched 90 font face(s) for "Google Sans Flex" from Google Fonts (cached to C:\Users\iknow\.cache\hyperframes\fonts\google-sans-flex)
[INFO] [Compiler] Fetched 77 font face(s) for "Inter" from Google Fonts (cached to C:\Users\iknow\.cache\hyperframes\fonts\inter)
[INFO] [Compiler] Fetched 90 font face(s) for "Google Sans Flex" from Google Fonts (cached to C:\Users\iknow\.cache\hyperframes\fonts\google-sans-flex)
[INFO] [Compiler] Fetched 20 font face(s) for "Helvetica Neue" from Google Fonts (cached to C:\Users\iknow\.cache\hyperframes\fonts\helvetica-neue)
[INFO] [Compiler] Injected deterministic @font-face rules for 3 requested font families
[INFO] [Compiler] Fetched 77 font face(s) for "Inter" from Google Fonts (cached to C:\Users\iknow\.cache\hyperframes\fonts\inter)
[INFO] [Compiler] Fetched 20 font face(s) for "Helvetica Neue" from Google Fonts (cached to C:\Users\iknow\.cache\hyperframes\fonts\helvetica-neue)
[INFO] [Compiler] Injected deterministic @font-face rules for 3 requested font families
[INFO] [Compiler] Fetched 90 font face(s) for "Google Sans Flex" from Google Fonts (cached to C:\Users\iknow\.cache\hyperframes\fonts\google-sans-flex)
[INFO] [Compiler] Fetched 77 font face(s) for "Inter" from Google Fonts (cached to C:\Users\iknow\.cache\hyperframes\fonts\inter)
[INFO] [Compiler] Fetched 20 font face(s) for "Helvetica Neue" from Google Fonts (cached to C:\Users\iknow\.cache\hyperframes\fonts\helvetica-neue)
[INFO] [Compiler] Injected deterministic @font-face rules for 3 requested font families
[INFO] [Compiler] Fetched 90 font face(s) for "Google Sans Flex" from Google Fonts (cached to C:\Users\iknow\.cache\hyperframes\fonts\google-sans-flex)
[INFO] [Compiler] Fetched 77 font face(s) for "Inter" from Google Fonts (cached to C:\Users\iknow\.cache\hyperframes\fonts\inter)
[INFO] [Compiler] Fetched 20 font face(s) for "Helvetica Neue" from Google Fonts (cached to C:\Users\iknow\.cache\hyperframes\fonts\helvetica-neue)
[INFO] [Compiler] Injected deterministic @font-face rules for 3 requested font families
[INFO] [Compiler] Fetched 90 font face(s) for "Google Sans Flex" from Google Fonts (cached to C:\Users\iknow\.cache\hyperframes\fonts\google-sans-flex)
[INFO] [Compiler] Fetched 77 font face(s) for "Inter" from Google Fonts (cached to C:\Users\iknow\.cache\hyperframes\fonts\inter)
[INFO] [Compiler] Fetched 90 font face(s) for "Google Sans Flex" from Google Fonts (cached to C:\Users\iknow\.cache\hyperframes\fonts\google-sans-flex)
[INFO] [Compiler] Fetched 20 font face(s) for "Helvetica Neue" from Google Fonts (cached to C:\Users\iknow\.cache\hyperframes\fonts\helvetica-neue)
[INFO] [Compiler] Injected deterministic @font-face rules for 3 requested font families
[INFO] [Compiler] Fetched 77 font face(s) for "Inter" from Google Fonts (cached to C:\Users\iknow\.cache\hyperframes\fonts\inter)
[INFO] [Compiler] Fetched 90 font face(s) for "Google Sans Flex" from Google Fonts (cached to C:\Users\iknow\.cache\hyperframes\fonts\google-sans-flex)
[INFO] [Compiler] Fetched 20 font face(s) for "Helvetica Neue" from Google Fonts (cached to C:\Users\iknow\.cache\hyperframes\fonts\helvetica-neue)
[INFO] [Compiler] Injected deterministic @font-face rules for 3 requested font families
[INFO] [Compiler] Fetched 77 font face(s) for "Inter" from Google Fonts (cached to C:\Users\iknow\.cache\hyperframes\fonts\inter)
[INFO] [Compiler] Fetched 20 font face(s) for "Helvetica Neue" from Google Fonts (cached to C:\Users\iknow\.cache\hyperframes\fonts\helvetica-neue)
[INFO] [Compiler] Injected deterministic @font-face rules for 3 requested font families
[INFO] [Compiler] Fetched 90 font face(s) for "Google Sans Flex" from Google Fonts (cached to C:\Users\iknow\.cache\hyperframes\fonts\google-sans-flex)
[INFO] [Compiler] Fetched 77 font face(s) for "Inter" from Google Fonts (cached to C:\Users\iknow\.cache\hyperframes\fonts\inter)
[INFO] [Compiler] Fetched 90 font face(s) for "Google Sans Flex" from Google Fonts (cached to C:\Users\iknow\.cache\hyperframes\fonts\google-sans-flex)
[INFO] [Compiler] Fetched 20 font face(s) for "Helvetica Neue" from Google Fonts (cached to C:\Users\iknow\.cache\hyperframes\fonts\helvetica-neue)
[INFO] [Compiler] Injected deterministic @font-face rules for 3 requested font families
[INFO] [Compiler] Fetched 77 font face(s) for "Inter" from Google Fonts (cached to C:\Users\iknow\.cache\hyperframes\fonts\inter)
[INFO] [Compiler] Fetched 90 font face(s) for "Google Sans Flex" from Google Fonts (cached to C:\Users\iknow\.cache\hyperframes\fonts\google-sans-flex)
[INFO] [Compiler] Fetched 20 font face(s) for "Helvetica Neue" from Google Fonts (cached to C:\Users\iknow\.cache\hyperframes\fonts\helvetica-neue)
[INFO] [Compiler] Injected deterministic @font-face rules for 3 requested font families
[INFO] [Compiler] Fetched 77 font face(s) for "Inter" from Google Fonts (cached to C:\Users\iknow\.cache\hyperframes\fonts\inter)
[INFO] [Compiler] Fetched 90 font face(s) for "Google Sans Flex" from Google Fonts (cached to C:\Users\iknow\.cache\hyperframes\fonts\google-sans-flex)
[INFO] [Compiler] Fetched 20 font face(s) for "Helvetica Neue" from Google Fonts (cached to C:\Users\iknow\.cache\hyperframes\fonts\helvetica-neue)
[INFO] [Compiler] Injected deterministic @font-face rules for 3 requested font families
[INFO] [Compiler] Fetched 77 font face(s) for "Inter" from Google Fonts (cached to C:\Users\iknow\.cache\hyperframes\fonts\inter)
[INFO] [Compiler] Fetched 90 font face(s) for "Google Sans Flex" from Google Fonts (cached to C:\Users\iknow\.cache\hyperframes\fonts\google-sans-flex)
[INFO] [Compiler] Fetched 20 font face(s) for "Helvetica Neue" from Google Fonts (cached to C:\Users\iknow\.cache\hyperframes\fonts\helvetica-neue)
[INFO] [Compiler] Injected deterministic @font-face rules for 3 requested font families
[INFO] [Compiler] Fetched 77 font face(s) for "Inter" from Google Fonts (cached to C:\Users\iknow\.cache\hyperframes\fonts\inter)
[INFO] [Compiler] Fetched 20 font face(s) for "Helvetica Neue" from Google Fonts (cached to C:\Users\iknow\.cache\hyperframes\fonts\helvetica-neue)
[INFO] [Compiler] Injected deterministic @font-face rules for 3 requested font families
[INFO] [Compiler] Fetched 90 font face(s) for "Google Sans Flex" from Google Fonts (cached to C:\Users\iknow\.cache\hyperframes\fonts\google-sans-flex)
[INFO] [Compiler] Fetched 90 font face(s) for "Google Sans Flex" from Google Fonts (cached to C:\Users\iknow\.cache\hyperframes\fonts\google-sans-flex)
[INFO] [Compiler] Fetched 77 font face(s) for "Inter" from Google Fonts (cached to C:\Users\iknow\.cache\hyperframes\fonts\inter)
[INFO] [Compiler] Fetched 77 font face(s) for "Inter" from Google Fonts (cached to C:\Users\iknow\.cache\hyperframes\fonts\inter)
[INFO] [Compiler] Fetched 20 font face(s) for "Helvetica Neue" from Google Fonts (cached to C:\Users\iknow\.cache\hyperframes\fonts\helvetica-neue)
[INFO] [Compiler] Injected deterministic @font-face rules for 3 requested font families
[INFO] [Compiler] Fetched 20 font face(s) for "Helvetica Neue" from Google Fonts (cached to C:\Users\iknow\.cache\hyperframes\fonts\helvetica-neue)
[INFO] [Compiler] Injected deterministic @font-face rules for 3 requested font families
[INFO] [Compiler] Fetched 90 font face(s) for "Google Sans Flex" from Google Fonts (cached to C:\Users\iknow\.cache\hyperframes\fonts\google-sans-flex)
[INFO] [Compiler] Fetched 90 font face(s) for "Google Sans Flex" from Google Fonts (cached to C:\Users\iknow\.cache\hyperframes\fonts\google-sans-flex)
[INFO] [Compiler] Fetched 77 font face(s) for "Inter" from Google Fonts (cached to C:\Users\iknow\.cache\hyperframes\fonts\inter)
[INFO] [Compiler] Fetched 77 font face(s) for "Inter" from Google Fonts (cached to C:\Users\iknow\.cache\hyperframes\fonts\inter)
[INFO] [Compiler] Fetched 20 font face(s) for "Helvetica Neue" from Google Fonts (cached to C:\Users\iknow\.cache\hyperframes\fonts\helvetica-neue)
[INFO] [Compiler] Injected deterministic @font-face rules for 3 requested font families
[INFO] [Compiler] Fetched 90 font face(s) for "Google Sans Flex" from Google Fonts (cached to C:\Users\iknow\.cache\hyperframes\fonts\google-sans-flex)
[INFO] [Compiler] Fetched 20 font face(s) for "Helvetica Neue" from Google Fonts (cached to C:\Users\iknow\.cache\hyperframes\fonts\helvetica-neue)
[INFO] [Compiler] Injected deterministic @font-face rules for 3 requested font families
[INFO] [Compiler] Fetched 77 font face(s) for "Inter" from Google Fonts (cached to C:\Users\iknow\.cache\hyperframes\fonts\inter)
[INFO] [Compiler] Fetched 20 font face(s) for "Helvetica Neue" from Google Fonts (cached to C:\Users\iknow\.cache\hyperframes\fonts\helvetica-neue)
[INFO] [Compiler] Injected deterministic @font-face rules for 3 requested font families
